,Event,Certifications,Competitions,Courses,Expos,Fests,Hackathons,Internships,Jobs,Talks,Trainings,Webinars,Workshops
0,INNOVISION 2020,0,0,0,0,1,0,0,0,0,0,0,0
1,Artificial Intelligence Ai Work From Home  internship At Beamcrew,0,0,0,0,0,0,1,0,0,0,0,0
2,Accenture Job Opportunity || Through Hack Diva 2020- Hackathons ||,0,0,0,0,0,1,0,0,0,0,0,0
3,Selenium with python Trainings ,0,0,0,0,0,0,0,0,0,1,0,0
4,Arduino Bootcamp : Learning Through Projects,0,0,0,0,0,0,0,0,0,1,0,0
5,"Webinar on 2 June with SridharChimalakonda: ""What Is Software Engineering Anyway""?",0,0,0,0,0,0,0,0,0,0,1,0
6,Register for Webinar with San Jose JavaScript Study Group [Live-Online],0,0,0,0,0,0,0,0,0,0,1,0
7,"Talk on ""Cloud Computing and DevOps"" by Jitendra Thethi, AVP of Technology, Innovation at Aricent.",0,0,0,0,0,0,0,0,1,0,0,0
8,Hacking Workshop Ã¢â¬ÅAnshathonÃ¢â¬Â,0,0,0,0,0,0,0,0,0,0,0,1
9," A Live Session On ""What Enterprise Should Know About Machine Learning"" ",0,0,0,0,0,0,0,0,0,0,1,0
10,get your brilliant ideas in this innovation challenge,0,1,0,0,0,0,0,0,0,0,0,0
11,Attend two days bootcamp on IOT applications,0,0,0,0,0,0,0,0,0,0,0,1
12,Workshop on Fundamentals of Python Programming,0,0,0,0,0,0,0,0,0,0,0,1
13," ""Microservices Software Architecture: Patterns and Techniques"" from udemy and get Certifications on successful completion",1,0,0,0,0,0,0,0,0,0,0,0
14,The Complete JavaScript Course 2019: Build Real Projects!,0,0,1,0,0,0,0,0,0,0,0,0
15,"Hackathons @ Syngenta, Pune is live now",0,0,0,0,0,1,0,0,0,0,0,0
16,C# Developers: Learn the Art to do clean coding with Certifications ,1,0,0,0,0,0,0,0,0,0,0,0
17,Learn OSI 7 Layers and Networking Background Concepts,0,0,1,0,0,0,0,0,0,0,0,0
18,Cloud Computing Code Gladiators Hackathons 2020 registration are open now,0,0,0,0,0,1,0,0,0,0,0,0
19, C++ Programming -Beginner to Advance- Deep Dive in C++  and get Certifications from udemy,1,0,0,0,0,0,0,0,0,0,0,0
20,live expo on Microsoft Word Essentials: Tips and Tricks for Better Productivity,0,0,0,1,0,0,0,0,0,0,0,0
21,Python Courses - Learn Python Skills Online | Coursera,0,0,1,0,0,0,0,0,0,0,0,0
22,Internship Work from home at your pace!!,0,0,0,0,0,0,1,0,0,0,0,0
23,"Talk on ""Cyber Security - Overview, Incidents Services, Risks in Evolving Technologies & Trends"" by Sachidananda S Javli, Director Ã¢â¬â Cyber Security, PwCIndia.",0,0,0,0,0,0,0,0,1,0,0,0
24,Webinar on Lay-offs & Salary-cuts due to COVID-19 - Register now!,0,0,0,0,0,0,0,0,0,0,1,0
25,Ai & Deep Learning With Tensorflow Trainings - Free demo ,0,0,0,0,0,0,0,0,0,1,0,0
26,ÃÂ Leadership in Higher Education Conference,0,0,0,0,0,0,0,0,0,0,0,1
27,Webinar on JavaScript Bootcamp for Beginners,0,0,0,0,0,0,0,0,0,0,1,0
28,Online Certifications for free!!!,1,0,0,0,0,0,0,0,0,0,0,0
29,Web Developer Certifications | Web Developer Trainings   from eudreka,0,0,0,0,0,0,0,0,0,1,0,0
30,Higher Education expo in Alappuzha,0,0,0,1,0,0,0,0,0,0,0,0
31,PyWeek games programming contest | Python.org,0,1,0,0,0,0,0,0,0,0,0,0
32,"Intern Software Architecture , Employment | Indeed.com",0,0,0,0,0,0,1,0,0,0,0,0
33,learn 7 Strategies for Achieving Customer Service Excellence,0,0,1,0,0,0,0,0,0,0,0,0
34,The biggest innvoation fest INNOVISION is here,0,0,0,0,1,0,0,0,0,0,0,0
35,need for Microsoft Cloud Developer job,0,0,0,0,0,0,0,1,0,0,0,0
36,Beginner Code Champ 7,0,0,0,0,0,1,0,0,0,0,0,0
37,Live Lecture On Python ,0,0,0,0,0,0,0,0,1,0,0,0
38,Job Acura - Graduate Jobs - Information Technology - Java,0,0,0,0,0,0,0,1,0,0,0,0
39,AI/ML & Blockchain Hackathons,0,0,0,0,0,1,0,0,0,0,0,0
40,JavaScript Bootcamp - Build Real World Applications,0,0,0,0,0,0,0,0,0,1,0,0
41, November 1 Talk on the Rust Programming Language with Author and Rust Core Member Carol Nichols,0,0,0,0,0,0,0,0,1,0,0,0
42,Webinar on Impact of COVID-19 on mid-management  -Register now!,0,0,0,0,0,0,0,0,0,0,1,0
43,Opsramp is hiring for a full time  Cyber Security -risk Manager,0,0,0,0,0,0,0,1,0,0,0,0
44,Full Stack Web Development Course,0,0,1,0,0,0,0,0,0,0,0,0
45,Avishkar is here with full of new events,0,0,0,0,1,0,0,0,0,0,0,0
46,Infosys HackWithInfy 2020 - A bright tomorrow awaits!,0,0,0,0,0,1,0,0,0,0,0,0
47,Register for Webinar :ÃÂ Management 3.0 Ã¢â¬â A Real Experiment with Agile Management Teams with no managersÃÂ with Ralph van Roosmalen,0,0,0,0,0,0,0,0,0,0,1,0
48,INDIA INTERNATIONAL HOSPITALITY EXPO 2020 ,0,0,0,1,0,0,0,0,0,0,0,0
49,SuryaKranti Solar Challenge India Competitions,0,1,0,0,0,0,0,0,0,0,0,0
50,Hands on session on software architectural patterns,0,0,0,0,0,0,0,0,0,0,0,1
51,IBM- 2020 Call for Code Global Challenge,0,0,0,0,0,1,0,0,0,0,0,0
52,AWS Course in Pune ,0,0,1,0,0,0,0,0,0,0,0,0
53,Technology & Engineering Career Fair,0,0,0,1,0,0,0,0,0,0,0,0
54,The most awaited it festival is here,0,0,0,0,1,0,0,0,0,0,0,0
55,Webinar on changing software architecture in it industry,0,0,0,0,0,0,0,0,0,0,1,0
56,AngularJS Hackathons,0,0,0,0,0,1,0,0,0,0,0,0
57,JavaScript Trainings: Learn JavaScript For Free | Codecademy,0,0,1,0,0,0,0,0,0,0,0,0
58,"ACM India Industry Webinar with Madhav Marathe, 25 April 2020",0,0,0,0,0,0,0,0,0,0,1,0
59,"Get Certifications on ""The Coding Interview Bootcamp: Algorithms + Data Structures"" from  udemy",1,0,0,0,0,0,0,0,0,0,0,0
60,"Webinar on ""Open Source Software Development With Git and GitHub""",0,0,0,0,0,0,0,0,0,0,1,0
61,CIW JavaScript Specialist Certifications,1,0,0,0,0,0,0,0,0,0,0,0
62,Hong kong Education and careers expo,0,0,0,1,0,0,0,0,0,0,0,0
63,Portland Veteran Career fair,0,0,0,1,0,0,0,0,0,0,0,0
64,Software Development Trainings ,0,0,0,0,0,0,0,0,0,1,0,0
65,NEPCON LIVE Online Exhibition ,0,0,0,1,0,0,0,0,0,0,0,0
66,NECOpen Innovation Hackathons,0,0,0,0,0,1,0,0,0,0,0,0
67,8 hours workshop on How to Successfully Migrate Office 365,0,0,0,0,0,0,0,0,0,0,0,1
68,Hiring Manager Finance and Accounts for a leading textile industry in Pune,0,0,0,0,0,0,0,1,0,0,0,0
69,2 days workshop on Cand C++ languages,0,0,0,0,0,0,0,0,0,0,0,1
70,Data Science - Intern - Only Final Year Student : Quikkloan.com - Digital loan marketplace,0,0,0,0,0,0,1,0,0,0,0,0
71,HIRING A PART-TIME SUPPORTER FOR DATA ANALYST OR DATA SCIENTIST at PLATINUS TECHNOLOGIES PVT.LTD,0,0,0,0,0,0,0,1,0,0,0,0
72,CrowdStrike Hackathons - Every Second Counts,0,0,0,0,0,1,0,0,0,0,0,0
73,Online session on Beyond Arduino: Electronics for Developers & Makers - (GPIO),0,0,0,0,0,0,0,0,0,0,1,0
74,National Workshop on Artificial Intelligence in Industry 4.0 (AI in Industry 4.0),0,0,0,0,0,0,0,0,0,0,0,1
75,#hackcovy is the first online Hackathons with the goal of creating technological solutions to cope with problems caused by COVID-19 in Vietnam,0,0,0,0,0,1,0,0,0,0,0,0
76,C++ programming step by step from beginner to advance level.,0,0,1,0,0,0,0,0,0,0,0,0
77,Fivetran Hiring freshers,0,0,0,0,0,0,0,1,0,0,0,0
78,Cloud Computing Trainings  | Global Knowledge,0,0,0,0,0,0,0,0,0,1,0,0
79,try for CAMPUS - CODE STACK19,0,0,0,0,0,1,0,0,0,0,0,0
80,"Access ""The Complete JavaScript Course 2020: Build Real Projects!"" and get Certifications from udemy",1,0,0,0,0,0,0,0,0,0,0,0
81,Techfest 2021 is here,0,0,0,0,1,0,0,0,0,0,0,0
82,Building Your Next Machine Learning Dataset :Get Ready In 3 Days - Live Webinar,0,0,0,0,0,0,0,0,0,0,1,0
83,Vacancy for Android Developer job,0,0,0,0,0,0,0,1,0,0,0,0
84,Certified Software Architect Microsoft PlatformÃÂ ,1,0,0,0,0,0,0,0,0,0,0,0
85,Event Tech Expo,0,0,0,1,0,0,0,0,0,0,0,0
86,Expert lecture on Embedded Software and Hardware Architecture By University of Colorado,0,0,0,0,0,0,0,0,1,0,0,0
87,Army Autonomy and Artificial Intelligence Symposium and Exposition (Army Autonomy and Artificial Intelligence Symposiu),0,0,0,1,0,0,0,0,0,0,0,0
88,The Department of Computer Science is organizing Hackathons 1.0 on September 30 th - October 1 st 2019,0,0,0,0,0,1,0,0,0,0,0,0
89,On-Demand Webinar:ÃÂ Blockchain and the Future of Commerce,0,0,0,0,0,0,0,0,0,0,1,0
90,Summer Winter Internship in Cand C++ - C++ Programming ...,0,0,0,0,0,0,1,0,0,0,0,0
91,Management and  business expo,0,0,0,1,0,0,0,0,0,0,0,0
92,ÃÂ Certifications Programming for the Web with JavaScript by University of PennsylvaniaÃÂ ,1,0,0,0,0,0,0,0,0,0,0,0
93,JavaScript Introduction Certifications by W3C,1,0,0,0,0,0,0,0,0,0,0,0
94,Networking Courses | Citrix Trainings | F5 Trainings,0,0,1,0,0,0,0,0,0,0,0,0
95,Introduction to Web Development 2-Day Workshop,0,0,0,0,0,0,0,0,0,0,0,1
96,Servicenow Asset Management Trainings FREE Demo ,0,0,0,0,0,0,0,0,0,1,0,0
97,Global Summit and Expo for Mobile Applications and Services for Seniors and Users of All Abilities,0,0,0,1,0,0,0,0,0,0,0,0
98,Java Developer Jobs ,0,0,0,0,0,0,0,1,0,0,0,0
99,6 Week summer industrial Trainings in Artificial Intelligence through internship,0,0,0,0,0,0,1,0,0,0,0,0
100,Atlab Competitions Ã¢â¬â Mobile App Making Competition,0,1,0,0,0,0,0,0,0,0,0,0
101,AMCSoftware Code Warriors,0,1,0,0,0,0,0,0,0,0,0,0
102,Attend IDP's New Zealand Virtual Education Fair ,0,0,0,1,0,0,0,0,0,0,0,0
103,"Register for ACM India Industry Webinar 6 June with Chitra Lele:""Drug Development and Lifecycle Maintenance--What's It Got to Do withComputing?",0,0,0,0,0,0,0,0,0,0,1,0
104,Management 3.0 Workshops & Events,0,0,0,0,0,0,0,0,0,0,0,1
105,Expert lecture on Let's get honest about our money problems,0,0,0,0,0,0,0,0,1,0,0,0
106,"Reminder:Webinar with Adam Paszke, Co-Author of PyTorch: ""PyTorch: A Modern Library for Machine Learning""",0,0,0,0,0,0,0,0,0,0,1,0
107,Participate in our latest Coding contest: 'Hack The Interview',0,1,0,0,0,0,0,0,0,0,0,0
108, How to Build Effective Data Communications with Tableau Desktop 3 day workshops,0,0,0,0,0,0,0,0,0,0,0,1
109,Internship : IoT - Transportation VLS,0,0,0,0,0,0,1,0,0,0,0,0
110,Expert Lecture on IOT,0,0,0,0,0,0,0,0,1,0,0,0
111,CGI Full Stack JavaThon 2019,0,0,0,0,0,1,0,0,0,0,0,0
112,Workshop on Management | Events | Welcome to SRM ,0,0,0,0,0,0,0,0,0,0,0,1
113,IOT Ã¢â¬â Workshop on Internet of Things - i3indyaÃ¢âÂ¢ Technologies,0,0,0,0,0,0,0,0,0,0,0,1
114,donÃ¢â¬â¢t miss session on What to Expect from the New PMP Certifications Exam in 2020?,1,0,0,0,0,0,0,0,0,0,0,0
115,Hong Kong Education & Careers Expo,0,0,0,1,0,0,0,0,0,0,0,0
116,"Online Workshop on ""Recent Advances in Science and Technology ofConcrete"" on May 2nd 2020",0,0,0,0,0,0,0,0,0,0,0,1
117,Smart IoT Taiwan (SIoT),0,0,0,1,0,0,0,0,0,0,0,0
118,"Reminder to Register for ACM India Industry Webinar on 3 August with Monish Darda: ""The Ethics of AI: Musk versus Bezos""",0,0,0,0,0,0,0,0,0,0,1,0
119,Talks - Guest Lecture on Advances in Machine Learning,0,0,0,0,0,0,0,0,1,0,0,0
120,CrowdStrike Hackathons - Every Second Counts,0,0,0,0,0,1,0,0,0,0,0,0
121,GOTO 2014 Expo Ã¢â¬Â¢ Software Architecture vs. Code Ã¢â¬Â¢ Simon Brown,0,0,0,1,0,0,0,0,0,0,0,0
122,ML Contests: Machine Learning & Data Science Competitions,0,1,0,0,0,0,0,0,0,0,0,0
123,Register for CODE4AVAILITY,0,0,0,0,0,1,0,0,0,0,0,0
124,Drive World Conference and Expo 2020,0,0,0,1,0,0,0,0,0,0,0,0
125,AI & Big Data Expo Europe 2020,0,0,0,1,0,0,0,0,0,0,0,0
126,Hardware and Device Programming Competition - CodeProject,0,1,0,0,0,0,0,0,0,0,0,0
127, Programming Guide Of CPlus Plus Course,0,0,1,0,0,0,0,0,0,0,0,0
128,great job opportunities for data scientists.,0,0,0,0,0,0,0,1,0,0,0,0
129,Hiring | Java Developers | Bengaluru and HyderabadÃÂ ,0,0,0,0,0,0,0,1,0,0,0,0
130,"Corporate Trainings in Analytics, Finance and ACcounting",0,0,0,0,0,0,0,0,0,1,0,0
131,Data Scientist Intern Job: Dasceq,0,0,0,0,0,0,1,0,0,0,0,0
132,Technex Ã¢â¬â IIT (BHU) Ã¢â¬â Techno-Management Fest Ã¢â¬â 2019,0,0,0,0,1,0,0,0,0,0,0,0
133,"See more Technogeekscs - Big Data Hadoop, Cloud Computing,Data Science, Machine Learning Trainings Institute - Internship Program",0,0,0,0,0,0,1,0,0,0,0,0
134,UiPath RPA Hackathons,0,0,0,0,0,1,0,0,0,0,0,0
135,"Management  Internship , Employment | Indeed.com",0,0,0,0,0,0,1,0,0,0,0,0
136,Impact : An IT TechFest 2021,0,0,0,0,1,0,0,0,0,0,0,0
137,DigiMarCon India - Digital Marketing Conference & Exhibition,0,0,0,1,0,0,0,0,0,0,0,0
138,annual conference of theÃÂ Higher Education Web ProfessionalsÃÂ ,0,0,0,0,0,0,0,0,0,0,0,1
139,AAPA Port Security Seminar & Expo,0,0,0,1,0,0,0,0,0,0,0,0
140,Technothlon 2020 ,0,0,0,0,0,1,0,0,0,0,0,0
141,Technothlon 2020 ,0,0,0,0,0,1,0,0,0,0,0,0
142,"Techfest, IIT Bombay Asia's Largest Science and Technology Festival.",0,0,0,0,1,0,0,0,0,0,0,0
143,Project Management: Developing Project Schedules and Budgets a hands on workshop,0,0,0,0,0,0,0,0,0,0,0,1
144,Unlock Secrets of CloudServices With AWS Trainings ,0,0,0,0,0,0,0,0,0,1,0,0
145,Free C language course ,0,0,1,0,0,0,0,0,0,0,0,0
146,Smart Home Expo (SHE),0,0,0,1,0,0,0,0,0,0,0,0
147,"Techspardha,the annual techno-managerial festival of National Institute of Technology, Kurukshetra is back in 2020",0,0,0,0,1,0,0,0,0,0,0,0
148,Cyber Security internship,0,0,0,0,0,0,1,0,0,0,0,0
149,Artificial Intelligence  - Instructor-led Online Trainings? from www.simplilearn.com,0,0,0,0,0,0,0,0,0,1,0,0
150,Can you solve this quiz on IOT,0,1,0,0,0,0,0,0,0,0,0,0
151,Big Data for Enterprise: Managing Data and Values jobs are awaiting,0,0,0,0,0,0,0,1,0,0,0,0
152,Internet of Things Expo (IOTx),0,0,0,1,0,0,0,0,0,0,0,0
153, Internet Problem Solving Contest,0,1,0,0,0,0,0,0,0,0,0,0
154,2 day workshop on Azure DevOps: Understanding Continuous Delivery & DevOps,0,0,0,0,0,0,0,0,0,0,0,1
155,ÃÂ Katapult Future Fest,0,0,0,0,1,0,0,0,0,0,0,0
156,All You Need is looking for: Digital Marketing Intern.,0,0,0,0,0,0,1,0,0,0,0,0
157,Video & Self Paced Online Trainings Program by IIT BHU Varanasi & EISystems ,0,0,0,0,0,0,0,0,0,1,0,0
158,International Engineering & Technology Fair (IETF),0,0,0,1,0,0,0,0,0,0,0,0
159,Cyber Security Expo 2020,0,0,0,1,0,0,0,0,0,0,0,0
160,Learn How to Build Step-by-Step ASP.NET Core App,0,0,1,0,0,0,0,0,0,0,0,0
161,Ethical hacking-(CEH) Course In GHaziabad Noida Delhi ,0,0,1,0,0,0,0,0,0,0,0,0
162,Study in India 2020,0,0,0,1,0,0,0,0,0,0,0,0
163,Happiest Minds Code Challenge,0,0,0,0,0,1,0,0,0,0,0,0
164,LIVE ONLINE TECHO WORKSHOP SERIES INCIDENT'20 NITK SURATHKAL & TECHOBYTES ,0,0,0,0,0,0,0,0,0,0,0,1
165,QlikView Certifications Trainings ,0,0,0,0,0,0,0,0,0,1,0,0
166,Special talk on The Complete Product Management ,0,0,0,0,0,0,0,0,1,0,0,0
167,Internship in Cloud Computing  Employment | Indeed.com,0,0,0,0,0,0,1,0,0,0,0,0
168,The ACM-ICPCInternational Collegiate Programming Contest,0,1,0,0,0,0,0,0,0,0,0,0
169,Global Software Architecture Summit: GSAS,0,0,0,1,0,0,0,0,0,0,0,0
170,Get your certificate on Introduction to Cloud Computing with Amazon Web Services,1,0,0,0,0,0,0,0,0,0,0,0
171,JavaScript Essentials 2019 Mini Course,0,0,1,0,0,0,0,0,0,0,0,0
172,Veda Semantics is hiring for  Data Analyst / Data Scientist position,0,0,0,0,0,0,0,1,0,0,0,0
173,Architecting for Security on AWS internship for you,0,0,0,0,0,0,1,0,0,0,0,0
174,Learn Creating a Windows Virtual Machine in Microsoft Azure in 10 days,0,0,1,0,0,0,0,0,0,0,0,0
175,"Learn ""Finance & Quantitative Modeling for Analysts Specialization"" with Certifications from coursera",1,0,0,0,0,0,0,0,0,0,0,0
176,Icertis Quiz,0,1,0,0,0,0,0,0,0,0,0,0
177,Entrepreneurial Extravaganza festival,0,0,0,0,1,0,0,0,0,0,0,0
178,AWS Trainings and Certifications - Cloud Skills Courses,0,0,0,0,0,0,0,0,0,1,0,0
179,Biggest Security tech festival is coming back,0,0,0,0,1,0,0,0,0,0,0,0
180,Want to Teach Coding? Here's Where to Begin | Edutopia workshop,0,0,0,0,0,0,0,0,0,0,0,1
181,Hack4Her,0,0,0,0,0,1,0,0,0,0,0,0
182,"Angular Architecture: Planning, Organizing and Structuring webinar",0,0,0,0,0,0,0,0,0,0,1,0
183,McAfee Coding Challenge,0,0,0,0,0,1,0,0,0,0,0,0
184,Management Crash Course: Tactical Trainings for New Managers,0,0,1,0,0,0,0,0,0,0,0,0
185,techexpo on Ethical Hacking: Enumeration 2020,0,0,0,1,0,0,0,0,0,0,0,0
186,Accenture is hiring for TELECOM OPERATIONS-PROGRAM AND PROJECT MANAGEMENT position,0,0,0,0,0,0,0,1,0,0,0,0
187,The Management 2.0 Hackathons,0,0,0,0,0,1,0,0,0,0,0,0
188,Pakistan CIO Summit & Expo (PCSE),0,0,0,1,0,0,0,0,0,0,0,0
189,Internet+ Expo Powered By Cebit It Trade Fair 2019,0,0,0,1,0,0,0,0,0,0,0,0
190,PowerShell Certifications Trainings By Real-Time Experts - Mindmajix ,0,0,0,0,0,0,0,0,0,1,0,0
191,"TCS to start onboarding 40,000 freshers from mid-July",0,0,0,0,0,0,0,1,0,0,0,0
192,Appathon Season 1,0,0,0,0,0,1,0,0,0,0,0,0
193,Free Coding Workshops and Campus Tours | Hack Reactor,0,0,0,0,0,0,0,0,0,0,0,1
194,Sourcing Talent Hire & Associates is hiring  Service Engineer - Computer Hardware & CCTV,0,0,0,0,0,0,0,1,0,0,0,0
195,Java Internship in Pune:Maxgen Technologies,0,0,0,0,0,0,1,0,0,0,0,0
196,International Expo on Robotics Automation AI And Analytics (RobotAI Expo),0,0,0,1,0,0,0,0,0,0,0,0
197,Internship Programme for college students,0,0,0,0,0,0,1,0,0,0,0,0
198,Want to learn java? do take this course!,0,0,1,0,0,0,0,0,0,0,0,0
199,Java Programming Masterclass for Software Developers with certifcation from udemy,1,0,0,0,0,0,0,0,0,0,0,0
200,Live session on What is the cost of studying abroad?,0,0,0,0,0,0,0,0,1,0,0,0
201,Exclusive Talk on The true cost of financial dependence,0,0,0,0,0,0,0,0,1,0,0,0
202,DX Summit 2019(2 days at london,0,0,0,1,0,0,0,0,0,0,0,0
203,"Get Certifications on ""SOLID Principles: Introducing Software Architecture & Design""",1,0,0,0,0,0,0,0,0,0,0,0
204,Learn  Advanced Java for oracle ,0,0,1,0,0,0,0,0,0,0,0,0
205,April 14 Talk on the Evolution of Computer Graphics with 2019 Turing Laureate Ed Catmull and PDI/DreamWorks Co-Founder Richard Chuang,0,0,0,0,0,0,0,0,1,0,0,0
206,"Register for ACM India Industry Webinar on 23 May with Manish Gupta: ""AI for India and Beyond""",0,0,0,0,0,0,0,0,0,0,1,0
207, Courses In Finance - Guaranteed PlacementsÃ¢â¬Å½,0,0,1,0,0,0,0,0,0,0,0,0
208,Tech Aptitude Challenge,0,1,0,0,0,0,0,0,0,0,0,0
209,Job Alert: Ecom Express to hire 7000 employees over next two months,0,0,0,0,0,0,0,1,0,0,0,0
210,premier school exbhition 2020,0,0,0,1,0,0,0,0,0,0,0,0
211,Kpit sparkle 2019 is back with innovative ideas,0,0,0,0,1,0,0,0,0,0,0,0
212,Industrial AI & IoT Expo,0,0,0,1,0,0,0,0,0,0,0,0
213,Boost Your Team's Knowledge with ITIL 4 Certifications,1,0,0,0,0,0,0,0,0,0,0,0
214,Roposo CodePlay Data Structures,0,0,0,0,0,1,0,0,0,0,0,0
215,"Workshop On ""Fundamentals of MATLAB""",0,0,0,0,0,0,0,0,0,0,0,1
216,Workshop on Hardware Description Languages for FPGA Design By University Of Colorado,0,0,0,0,0,0,0,0,0,0,0,1
217,7 Citrix Secrets: How to Upskill Your Citrix Skills,0,0,1,0,0,0,0,0,0,0,0,0
218, Get Started with Microsoft 365 and be an expert ,0,0,1,0,0,0,0,0,0,0,0,0
219," get Certifications on ""Object-Oriented Data Structures in C++""",1,0,0,0,0,0,0,0,0,0,0,0
220,Code Chronicles 2.0 Hackathons is back again,0,0,0,0,0,1,0,0,0,0,0,0
221,Python Machine Learning & Data Science Fresher Intern:Softtronix IT Solution,0,0,0,0,0,0,1,0,0,0,0,0
222,Free courses on data science,0,0,1,0,0,0,0,0,0,0,0,0
223,Talk on Bag scholarships for studying abroad!,0,0,0,0,0,0,0,0,1,0,0,0
224,Kirloskar Industrial expo,0,0,0,1,0,0,0,0,0,0,0,0
225,We have an urgent  job requirement of Node JS + Python  Developer for Persistent Systems based at Pune (Yerwada),0,0,0,0,0,0,0,1,0,0,0,0
226,"Opening for Openshift Developer with popular MNC, Pune!!!",0,0,0,0,0,0,0,1,0,0,0,0
227,Hackoff 2.0 Hackathons is back for another round next month,0,0,0,0,0,1,0,0,0,0,0,0
228,CEH: Understanding Ethical Hacking workshop join now,0,0,0,0,0,0,0,0,0,0,0,1
229,Contribute for this awesome IT fests,0,0,0,0,1,0,0,0,0,0,0,0
230,ContiQuest - Quest for Tech Thirst Competitions,0,1,0,0,0,0,0,0,0,0,0,0
231,C++ Nanodegree Certifications for Programmers (Udacity),1,0,0,0,0,0,0,0,0,0,0,0
232,"ÃÂ Webinar on Future of higher education: short, medium and long-term perspectives around the world",0,0,0,0,0,0,0,0,0,0,1,0
233,Two Days Workshop on Artificial Intelligence BY VIT,0,0,0,0,0,0,0,0,0,0,0,1
234,"Webinar on The future of internationalisation of higher education: short, medium and long-term perspectives",0,0,0,0,0,0,0,0,0,0,1,0
235,Summer Internship Trainings in Python - Python Programming,0,0,0,0,0,0,1,0,0,0,0,0
236,grab this chance to learn Cloud Computing Migration Plan: What You Must Know,0,0,1,0,0,0,0,0,0,0,0,0
237,Lobo Staffing Solutions Private Limited is hiring Python Automation Developer ,0,0,0,0,0,0,0,1,0,0,0,0
238,START YOUR CAREER WITH ANGULARJS Trainings AT MINDMAJIX ,0,0,0,0,0,0,0,0,0,1,0,0
239,Learn Blockchain with Online Blockchain Courses | edX,0,0,1,0,0,0,0,0,0,0,0,0
240,MICInnovation Contest,0,1,0,0,0,0,0,0,0,0,0,0
241,Temenos Game of Codes,0,0,0,0,0,1,0,0,0,0,0,0
242,Learning Java,0,0,1,0,0,0,0,0,0,0,0,0
243,"Access ""The Complete 2020 Web Development Bootcamp"" and on successful completion get a Certifications",1,0,0,0,0,0,0,0,0,0,0,0
244,HackVSIT Hackathons is starting from 19 february,0,0,0,0,0,1,0,0,0,0,0,0
245,Become google cloud certified in this lockdown,1,0,0,0,0,0,0,0,0,0,0,0
246,You look like a good fit for the job at Pune Web Designers. Apply now.,0,0,0,0,0,0,0,1,0,0,0,0
247,Trainings & Certifications Ã¢â¬â Hyperledger,0,0,0,0,0,0,0,0,0,1,0,0
248,10 hours bootcamp on Introduction to Computer Hardware: Components & Peripherals,0,0,0,0,0,0,0,0,0,1,0,0
249,Cyber Security Trainings ,0,0,0,0,0,0,0,0,0,1,0,0
250,Cyber Security Competition 2017,0,1,0,0,0,0,0,0,0,0,0,0
251,AWS Cloud Management internship,0,0,0,0,0,0,1,0,0,0,0,0
252,Job Alert: Cisco is hiring for C/C++ developers in IndiaÃÂ ,0,0,0,0,0,0,0,1,0,0,0,0
253,Join us for a Webinar Session on key takeaways from a Pre-placementtalk,0,0,0,0,0,0,0,0,0,0,1,0
254,Learn AWS Lambda Course from Experts ,0,0,1,0,0,0,0,0,0,0,0,0
255,Take the course of ML and upgrade your skills,0,0,1,0,0,0,0,0,0,0,0,0
256,Kshitij - A four day college festival of MumbaiÃ¢â¬â¢s Mithibai College,0,0,0,0,1,0,0,0,0,0,0,0
257,Great opportunity to learn AI,0,0,1,0,0,0,0,0,0,0,0,0
258,hellerve/programming-talks: Awesome & interesting ... - GitHub,0,0,0,0,0,0,0,0,1,0,0,0
259,Growth 360 is hiring  Cyber Security Lead,0,0,0,0,0,0,0,1,0,0,0,0
260,Java Development part time internship:KUKbit Software Lab,0,0,0,0,0,0,1,0,0,0,0,0
261,"The best work from home jobs that pays well. Earn more than 30, 000 per month.",0,0,0,0,0,0,0,1,0,0,0,0
262,Software Development Engineer Intern(2020 graduates and 6Months,0,0,0,0,0,0,1,0,0,0,0,0
263,devops online Trainings in Bangalore,0,0,0,0,0,0,0,0,0,1,0,0
264,Free Live Webinar on Hyperion Financial Management,0,0,0,0,0,0,0,0,0,0,1,0
265,IT and Hardware - Online  Trainings ,0,0,1,0,0,0,0,0,0,0,0,0
266,"Get Certifications on ""Web Design for Everybody: Basics of Web Development & Coding Specialization""  from coursera",1,0,0,0,0,0,0,0,0,0,0,0
267,ÃÂ Interactivity with JavaScript by University of Michigan Trainings for free,0,0,0,0,0,0,0,0,0,1,0,0
268,Learn Python with Online Python Courses | edX,0,0,1,0,0,0,0,0,0,0,0,0
269,Job listings for  oracle financial functional consultant at  tejoma technologies private limited,0,0,0,0,0,0,0,1,0,0,0,0
270,2 days Workshop on Java and BasiCConcepts,0,0,0,0,0,0,0,0,0,0,0,1
271,Free Live Webinar on Catia - Learn Catia in 60 Minutes ,0,0,0,0,0,0,0,0,0,0,1,0
272,Summer Analytics Internship - Ivy Professional,0,0,0,0,0,0,1,0,0,0,0,0
273,One week course on IoT,0,0,1,0,0,0,0,0,0,0,0,0
274,Gyanith  is back for all the tech geeks,0,0,0,0,1,0,0,0,0,0,0,0
275,Bengaluru -Internships by EISystems & IIT BHU Varanasi. ,0,0,0,0,0,0,1,0,0,0,0,0
276,Java Development Internship:LOGOS CORPORATE SOLUTIONS,0,0,0,0,0,0,1,0,0,0,0,0
277,Management: Leading Wisely | TED Studies | Read - TED Talks,0,0,0,0,0,0,0,0,1,0,0,0
278,Talk on Embedded Linux Step by Step using Beaglebone Black,0,0,0,0,0,0,0,0,1,0,0,0
279,Learn to Code in Python 3: Programming beginner to advanced along with Certifications,1,0,0,0,0,0,0,0,0,0,0,0
280,BMCSoftware Code Warriors,0,0,0,0,0,1,0,0,0,0,0,0
281,Internet Of Things Trainings - IOT Trainings - Intellipaat,0,0,0,0,0,0,0,0,0,1,0,0
282," course 2020 Ultimate Guide to Raspberry Pi : Tips, Tricks and Hacks",0,0,1,0,0,0,0,0,0,0,0,0
283,IBM Data Science Professional Certifications from coursera,1,0,0,0,0,0,0,0,0,0,0,0
284,"Webinar on 16 June with AbhiramRanade: ""Love CS, Learn CS!""",0,0,0,0,0,0,0,0,0,0,1,0
285,Tensorflow Deep Learning - Data Science in Python from udemy with Certifications,1,0,0,0,0,0,0,0,0,0,0,0
286,Live lecture on Why your Organization needs to Migrate on Microsoft Teams,0,0,0,0,0,0,0,0,1,0,0,0
287,The IBM CyberSecurity Analyst Professional Certificate is your entry point into a new career in #cyberSecurity.,1,0,0,0,0,0,0,0,0,0,0,0
288,Creating Social Media content contest with exiting prizes,0,1,0,0,0,0,0,0,0,0,0,0
289,"IIT Roorkee to conduct webinar talking about careers in AI, machine learning",0,0,0,0,0,0,0,0,0,0,1,0
290,Android Internship - Android/IOS/Hybrid Mobile App Internship,0,0,0,0,0,0,1,0,0,0,0,0
291,Looking for internship in blockchain !!!,0,0,0,0,0,0,1,0,0,0,0,0
292,Kpit sparkle 2019 is back with innovative ideas!!!,0,0,0,0,1,0,0,0,0,0,0,0
293,Ideas about Security - TED Talks,0,0,0,0,0,0,0,0,1,0,0,0
294,YouthFest is here!!!,0,0,0,0,1,0,0,0,0,0,0,0
295,Internship opportunities in  Software Architecture Reinvented,0,0,0,0,0,0,1,0,0,0,0,0
296,Startups in Korea Expo 2019,0,0,0,1,0,0,0,0,0,0,0,0
297,Live Webinar with UClan starting in 30 minutes,0,0,0,0,0,0,0,0,0,0,1,0
298,Python Challenge,0,1,0,0,0,0,0,0,0,0,0,0
299,Embold Technologies is hiring . Apply Now.,0,0,0,0,0,0,0,1,0,0,0,0
300,BUILD YOUR CAREER WITH ANGULARJS Trainings AT MINDMAJIX ,0,0,0,0,0,0,0,0,0,1,0,0
301,"Mobile Apps Online Courses: Design, Build, and Publish Apps from udemy",0,0,1,0,0,0,0,0,0,0,0,0
302,ContiQuest-Quest For Tech Thirst,0,1,0,0,0,0,0,0,0,0,0,0
303,DX-19 Hackathons is live now,0,0,0,0,0,1,0,0,0,0,0,0
304,"IIT kanpur hosts Techkriti in 2020,a wellknow fest in india",0,0,0,0,1,0,0,0,0,0,0,0
305,Mastercard Coding Hackathons,0,0,0,0,0,1,0,0,0,0,0,0
306,TomTom India Hackathons ,0,0,0,0,0,1,0,0,0,0,0,0
307,Data Science Internship Internships on Data Science with Python: Evolet Technologies,0,0,0,0,0,0,1,0,0,0,0,0
308,Avishkar is back with interesting events,0,0,0,0,1,0,0,0,0,0,0,0
309, Internship - Data Science and Machine ... - Xen.ai,0,0,0,0,0,0,1,0,0,0,0,0
310,Amazon Code Combat,0,0,0,0,0,1,0,0,0,0,0,0
311,ÃÂ C++ Certifications for CProgrammers from University of California,1,0,0,0,0,0,0,0,0,0,0,0
312,CodeExpedition: DestinationExpedia,0,0,0,0,0,1,0,0,0,0,0,0
313, AWS  online Trainings at Tekslate ,0,0,0,0,0,0,0,0,0,1,0,0
314,Career Foresight HR Solution LLP is looking for Cyber Security Engineer with Contract role For 6 months,0,0,0,0,0,0,0,1,0,0,0,0
315,Attention jobseekers!!!Your wait is over,0,0,0,0,0,0,0,1,0,0,0,0
316,Linux Online Trainings by Industry Experts ,0,0,0,0,0,0,0,0,0,1,0,0
317,Smart Home expo,0,0,0,1,0,0,0,0,0,0,0,0
318,Mobile Application Developer: Jobs ,0,0,0,0,0,0,0,1,0,0,0,0
319,Management Skills Trainings | IMD Business School,0,0,0,0,0,0,0,0,0,1,0,0
320,Online classes on Android,0,0,1,0,0,0,0,0,0,0,0,0
321,IoT World Careers Fair,0,0,0,1,0,0,0,0,0,0,0,0
322,Job | Hiring for Marketing Executive,0,0,0,0,0,0,0,1,0,0,0,0
323,Cloud Computing Trainings ,0,0,0,0,0,0,0,0,0,1,0,0
324,MagicFiserv Hackathons (Code Challenge),0,0,0,0,0,1,0,0,0,0,0,0
325, BME International 24-hours Programming Contest,0,1,0,0,0,0,0,0,0,0,0,0
326,Coding Courses | Coursera,0,0,1,0,0,0,0,0,0,0,0,0
327,Expedite Informatics Pvt Ltd is looking for: Software Testing Job,0,0,0,0,0,0,0,1,0,0,0,0
328,Exclusive Webinar on ?Best language for competitive programming ? Python?. Reserve your seat today!,0,0,0,0,0,0,0,0,0,0,1,0
329,10 days course on python.,0,0,1,0,0,0,0,0,0,0,0,0
330,Talk on CYBER Security - Ethical Hacking ,0,0,0,0,0,0,0,0,1,0,0,0
331,Webinar On Data Science And ML With Cloud Deployment,0,0,0,0,0,0,0,0,0,0,1,0
332,Learn Citrix Workspace: How to Architecture Microapps,0,0,1,0,0,0,0,0,0,0,0,0
333,LaTeX - Online Courses Tutorials on Lynda,0,0,1,0,0,0,0,0,0,0,0,0
334,China International OptoelectroniCExposition 2020,0,0,0,1,0,0,0,0,0,0,0,0
335,A Two day Programme on 'Finance for non finance executives',0,0,0,0,0,0,0,0,0,0,0,1
336,5 days live Workshop For Shapeing  The Future Of Higher Education,0,0,0,0,0,0,0,0,0,0,0,1
337,"Exhibition and Conference on Education, Technology and Infrastructure",0,0,0,1,0,0,0,0,0,0,0,0
338,Job opening for Data Scientist,0,0,0,0,0,0,0,1,0,0,0,0
339,Job listings principal senior frontend developer javascript banking oracle india pvtl ltd bengaluru,0,0,0,0,0,0,0,1,0,0,0,0
340,Workshop: Hardware & Processing | Digital Schoolhouse,0,0,0,0,0,0,0,0,0,0,0,1
341,attend 10 hour workshop on Introduction to Data Analysis Using Microsoft Excel,0,0,0,0,0,0,0,0,0,0,0,1
342,Fivetran Competitions - Code your Way in,0,1,0,0,0,0,0,0,0,0,0,0
343,Blockchain and Ethereum Certifications Trainings - Edureka,0,0,0,0,0,0,0,0,0,1,0,0
344,Webinar on Data Science Virtual Informational Session,0,0,0,0,0,0,0,0,0,0,1,0
345,3 days free Workshop on Database Management System,0,0,0,0,0,0,0,0,0,0,0,1
346,Financial Modeling Work From Home Job internship At Loomcrafts..,0,0,0,0,0,0,1,0,0,0,0,0
347,Liverpool Jobs Fair (Recruitment Event),0,0,0,1,0,0,0,0,0,0,0,0
348,Amex IoT Hackathons,0,0,0,0,0,1,0,0,0,0,0,0
349,Attend the workshop of machine learning.,0,0,0,0,0,0,0,0,0,0,0,1
350,Apply For Internship to Contribute to these awesome live projects ,0,0,0,0,0,0,1,0,0,0,0,0
351,Coding Workshops for Engineering Students - Skyfi Labs,0,0,0,0,0,0,0,0,0,0,0,1
352,Internet of Things Engineer - Intern - SmartBridge,0,0,0,0,0,0,1,0,0,0,0,0
353,internship opportunities in  Web Design: Wireframing,0,0,0,0,0,0,1,0,0,0,0,0
354,Microsoft Technology Associate (MTA) Exam 98-382: Introduction to Programming Using JavaScript,1,0,0,0,0,0,0,0,0,0,0,0
355,"Techniche,Techno-Management festival  is golden opportunity for all techo geeks",0,0,0,0,1,0,0,0,0,0,0,0
356,TDPVista Trainings on Web Development ,0,0,0,0,0,0,0,0,0,1,0,0
357,RENTLY SOFTWARE DEVELOPMENT PRIVATE LIMITED is hiring Embedded Firmware Engineer/sr. Engineer/ Architect,0,0,0,0,0,0,0,1,0,0,0,0
358,IG PAN India Contest,0,1,0,0,0,0,0,0,0,0,0,0
359,National Workshop on Examination Reforms in Higher Education by Pune university,0,0,0,0,0,0,0,0,0,0,0,1
360,Hardware Installation and Repair  Trainings from study.com,0,0,0,0,0,0,0,0,0,1,0,0
361,Internet Of Things (IoT) Internship : Exa Mobility India Private Limited,0,0,0,0,0,0,1,0,0,0,0,0
362,"HackVSIT 3.0  Hackathons will be an event full of innovation, learning, and a lot of healthy competition!",0,0,0,0,0,1,0,0,0,0,0,0
363,AI/ML Hackathons,0,0,0,0,0,1,0,0,0,0,0,0
364,Nae disha dyankatta online competetion,0,1,0,0,0,0,0,0,0,0,0,0
365,Liverpool Jobs Fair(Recruitment),0,0,0,1,0,0,0,0,0,0,0,0
366,Java Hiring Contest,0,0,0,0,0,0,0,1,0,0,0,0
367,Security Trainings  - Free Online Trainings By Alison,0,0,0,0,0,0,0,0,0,1,0,0
368,Biggest tech festival is coming back!!!,0,0,0,0,1,0,0,0,0,0,0,0
369,C# Challenge,0,1,0,0,0,0,0,0,0,0,0,0
370,PLCProgramming From Scratch (PLCI) free course,0,0,1,0,0,0,0,0,0,0,0,0
371,"A motivational speech by Dr. L.S. Ganesh, Professor of Management Studies, IIT Madras",0,0,0,0,0,0,0,0,1,0,0,0
372,Machine Learning & AI - Hands-On Trainings in Python,0,0,0,0,0,0,0,0,0,1,0,0
373,Alter your career oracle EBS Trainings ,0,0,0,0,0,0,0,0,0,1,0,0
374,Expert Lecture on Front End Technologies,0,0,0,0,0,0,0,0,1,0,0,0
375,Very Good Opportunity for TE (Comp/IT) 2021 batch students to Participate in Persistent Hackathons Competition on 21st & 22nd March 2020 @ Company Office,0,0,0,0,0,1,0,0,0,0,0,0
376,ASP.NET Functions on Microsoft Azure 2 days expo,0,0,0,1,0,0,0,0,0,0,0,0
377,Apply for the Machine learning internship!!,0,0,0,0,0,0,1,0,0,0,0,0
378,Prime Code Champ 7,0,0,0,0,0,1,0,0,0,0,0,0
379,5 emerging  job roles in  Big Data carrier,0,0,0,0,0,0,0,1,0,0,0,0
380,Middle East Cloud & Big Data Conference and Exhibition,0,0,0,1,0,0,0,0,0,0,0,0
381,Join Free demo on Oracle Fusion Financials Trainings ,0,0,0,0,0,0,0,0,0,1,0,0
382,Register for webinar on The Project Management  Beginner to PROject Manager,0,0,0,0,0,0,0,0,0,0,1,0
383,Adobe CODIVA Women Hackathons - Register Now,0,0,0,0,0,1,0,0,0,0,0,0
384,"seminar on Clean Architecture: Patterns, Practices, and Principles",0,0,0,0,0,0,0,0,0,0,1,0
385,Python 3 Complete Beginners Course 2020 ,0,0,1,0,0,0,0,0,0,0,0,0
386,"Get ""Google IT Automation with Python Professional Certifications"" offered by google from coursera",1,0,0,0,0,0,0,0,0,0,0,0
387,"Mobile Apps - Online Classes, Trainings, Tutorials on lynda",0,0,0,0,0,0,0,0,0,1,0,0
388,JavaScript Trainings - W3Schools,0,0,0,0,0,0,0,0,0,1,0,0
389,"Get your Certifications on ""Security in Google Cloud Platform"" from coursera",1,0,0,0,0,0,0,0,0,0,0,0
390,Management and legislation expo,0,0,0,1,0,0,0,0,0,0,0,0
391,Python Development internship:ToCan Analytics,0,0,0,0,0,0,1,0,0,0,0,0
392,Appium Online Trainings with a FREE Demo ,0,0,0,0,0,0,0,0,0,1,0,0
393,Informatica Code-a-Thon 2018,0,0,0,0,0,1,0,0,0,0,0,0
394,AngularJS Workshop (Pre requisites),0,0,0,0,0,0,0,0,0,0,0,1
395,Adobe analytical Trainings - Free Demo ,0,0,0,0,0,0,0,0,0,1,0,0
396,codefest 2020,0,0,0,0,1,0,0,0,0,0,0,0
397,Kubernetes Trainings ,0,0,0,0,0,0,0,0,0,1,0,0
398,"IITM is organising  annual technical festival ""Shastra"" again for 2020",0,0,0,0,1,0,0,0,0,0,0,0
399,TechGig Hour of Code,0,0,0,0,0,1,0,0,0,0,0,0
400,2020 July to DeCsemester - courses open for enrollment!,0,0,1,0,0,0,0,0,0,0,0,0
401,RPA Online Certifications Trainings Demo ,0,0,0,0,0,0,0,0,0,1,0,0
402,CodeSpeedy Technology Private Limited is looking for: MachineLearning with Python Internship.,0,0,0,0,0,0,1,0,0,0,0,0
403,Brillio Techraiders Competitions,0,1,0,0,0,0,0,0,0,0,0,0
404,Celesta is back for all the techsavys ,0,0,0,0,1,0,0,0,0,0,0,0
405,Short Term Trainings Programme On CLOUD COMPUTING AND Security SERVICES 2020,0,0,0,0,0,0,0,0,0,1,0,0
406,challenges right from top MNCs,0,1,0,0,0,0,0,0,0,0,0,0
407,Blockchain Trainings Course Online | Blockchain Council,0,0,0,0,0,0,0,0,0,1,0,0
408,Hackmanthan - The Ethical Hacking Workshop (The Ethical Hacking & Cyber s Security Workshop),0,0,0,0,0,0,0,0,0,0,0,1
409,IIT Bombay is hiring for part time web developer,0,0,0,0,0,0,0,1,0,0,0,0
410,Object Oriented Java Programming: Data Structures and Beyond Specialization with Certifications from coursera,1,0,0,0,0,0,0,0,0,0,0,0
411,Brillio Game Changer Hackathons - Tech Queens Series,0,0,0,0,0,1,0,0,0,0,0,0
412,Cohesity Top CoderChallenge,0,1,0,0,0,0,0,0,0,0,0,0
413,Learn How the Internet Works & the Web Development Process from udemy with Certifications,1,0,0,0,0,0,0,0,0,0,0,0
414,You look like a good fit for the job at Autodesk. Apply now.,0,0,0,0,0,0,0,1,0,0,0,0
415,CAREER TALK Ã¢â¬â FINANCE AS A LUCRATIVE CAREER,0,0,0,0,0,0,0,0,1,0,0,0
416,Machine Learning Internship l Machine Learning Projects l ,0,0,0,0,0,0,1,0,0,0,0,0
417,Youthfest is here,0,0,0,0,1,0,0,0,0,0,0,0
418,"Internship program on ""Agile Architecture"" - Molly Dishman & Martin Fowler Keynote",0,0,0,0,0,0,1,0,0,0,0,0
419,Python/Django Development internship Ungeek Mumbai,0,0,0,0,0,0,1,0,0,0,0,0
420,Biggest tech festival is coming back,0,0,0,0,1,0,0,0,0,0,0,0
421,presentation on How to Get Your Workforce Project Management (PMP) Certified in One Go?,1,0,0,0,0,0,0,0,0,0,0,0
422,Big Data Online Trainings ,0,0,0,0,0,0,0,0,0,1,0,0
423,March 25 Talk on Machine Learning and Decision-Making with ACM Fellow Michael I. Jordan,0,0,0,0,0,0,0,0,1,0,0,0
424,JavaScript Bible - JavaScript and ES6 Course 2019,0,0,1,0,0,0,0,0,0,0,0,0
425,Code-Solve-Build Hackathons,0,0,0,0,0,1,0,0,0,0,0,0
426,Workshop on Computer Hardware and Networking - FAMT,0,0,0,0,0,0,0,0,0,0,0,1
427,showcase your cool projects in this project competetion,0,1,0,0,0,0,0,0,0,0,0,0
428,Cracking Careers in Data Science Job,0,0,0,0,0,0,0,1,0,0,0,0
429,Blockchain Hackathons,0,0,0,0,0,1,0,0,0,0,0,0
430,Colloquium talk on Ã¢â¬ÅCryptography and it Applications in Information and Cyber SecurityÃ¢â¬Â by Dr. Vishal Sgaraswat.,0,0,0,0,0,0,0,0,1,0,0,0
431,IronPython Trainings at Mindmajix ,0,0,0,0,0,0,0,0,0,1,0,0
432,Machine Learning Jobs ,0,0,0,0,0,0,0,1,0,0,0,0
433,Hands on session on cyberSecurity tools,0,0,0,0,0,0,0,0,0,0,0,1
434,One Day Session On Management Consulting Skills Mastery,0,0,0,0,0,0,0,0,0,0,1,0
435," Webinar on 9 June with AnuradhaLaxminarayan: ""7 Secrets about Programming that No Teacher/Book Ever ToldYou!""",0,0,0,0,0,0,0,0,0,0,1,0
436,IG LIVE talk on - University & Alumni Updates | Imperial,0,0,0,0,0,0,0,0,1,0,0,0
437,Hiring for Principal Data Scientist - Machine/Deep Learning - NLP/Tensorflow :Register to apply,0,0,0,0,0,0,0,1,0,0,0,0
438,Java Trainings and Tutorials - Java - Online ,0,0,0,0,0,0,0,0,0,1,0,0
439,Intel Python Hackathons  HACKFURYÃÂ² starts next month,0,0,0,0,0,1,0,0,0,0,0,0
440,IoT Challenge 2020 - National Level Event on IoT at Aakaar,0,1,0,0,0,0,0,0,0,0,0,0
441,Punjab National Bank Jobs  - Apply Finance Officer Jobs In,0,0,0,0,0,0,0,1,0,0,0,0
442,Learn Basics of Android,0,0,1,0,0,0,0,0,0,0,0,0
443,Quiz series on C++ fundamentals,0,1,0,0,0,0,0,0,0,0,0,0
444,Online Workshop on Basics Of CProgramming By Rajiv Gandhi University,0,0,0,0,0,0,0,0,0,0,0,1
445,17 th Admission fair 2020,0,0,0,1,0,0,0,0,0,0,0,0
446,Web Development Course - Enroll Now & Start Learning?,0,0,1,0,0,0,0,0,0,0,0,0
447,Java Coding Contest - Learneroo,0,1,0,0,0,0,0,0,0,0,0,0
448,One-week Workshop on IoT,0,0,0,0,0,0,0,0,0,0,0,1
449,Codechef API Hackathons -Use codechef API and alibaba to help the community,0,0,0,0,0,1,0,0,0,0,0,0
450,Finance Work From Home Job internship At Ruby Capital,0,0,0,0,0,0,1,0,0,0,0,0
451,Smart city festival is awaiting,0,0,0,0,1,0,0,0,0,0,0,0
452,hands on  Networking in Windows 10 Devices-Workshop,0,0,0,0,0,0,0,0,0,0,0,1
453,"Register for ACM India Industry Webinar on 2 February with Gautam Shroff: ""Enterprise AI: Automation, Amplification, and Managing Complexity""",0,0,0,0,0,0,0,0,0,0,1,0
454,Baoan Industry Development Expo,0,0,0,1,0,0,0,0,0,0,0,0
455,Australia studies fair in your college!!!,0,0,0,1,0,0,0,0,0,0,0,0
456,Super Computing Conference - SC2020,0,0,0,1,0,0,0,0,0,0,0,0
457,Annual Diversity Employment Day Career Fair and roundtables,0,0,0,1,0,0,0,0,0,0,0,0
458,Web Development Internship | Web Development Summer program,0,0,0,0,0,0,1,0,0,0,0,0
459,"Webinar On ""Human Values And Professional  Ethics""",0,0,0,0,0,0,0,0,0,0,1,0
460,You look like a good fit for the job at Syntech Solutions. Apply now.,0,0,0,0,0,0,0,1,0,0,0,0
461,Arduino Step by Step: Free Course Getting Started,0,0,1,0,0,0,0,0,0,0,0,0
462,Explore the Ways to Navigate Your Career in CyberSecurity Job,0,0,0,0,0,0,0,1,0,0,0,0
463,Japanese Language Trainings | Japanese Language Program ,0,0,0,0,0,0,0,0,0,1,0,0
464,"Java Internship , Employment | Indeed.com",0,0,0,0,0,0,1,0,0,0,0,0
465,BlockChain Internship,0,0,0,0,0,0,1,0,0,0,0,0
466,Business Networking Trainings | Trainings by Experts | Impact factory,0,0,0,0,0,0,0,0,0,1,0,0
467,Keeping up with Networking Series job roles,0,0,0,0,0,0,0,1,0,0,0,0
468, Getting Started with New Microsoft Azure Apps & Infrastructure Certifications Roadmap,1,0,0,0,0,0,0,0,0,0,0,0
469,HackerTech is a 36-hour Technical Hackathons starting next week.,0,0,0,0,0,1,0,0,0,0,0,0
470,AI Workshop | Google Cloud,0,0,0,0,0,0,0,0,0,0,0,1
471,Artificial intelligence And Robotics Internship : Sankhkyiki Robotics Private Limited,0,0,0,0,0,0,1,0,0,0,0,0
472,Gain the Cloud Advantage: Level-up Your (or Your Teams') Skills with Microsoft Azure Role-Based Certifications,1,0,0,0,0,0,0,0,0,0,0,0
473,"Get Certifications on ""Clustering & Classification With Machine Learning In Python""",1,0,0,0,0,0,0,0,0,0,0,0
474,The C++ Certifications in Pune,1,0,0,0,0,0,0,0,0,0,0,0
475,Disha Higher Education Expo 2020,0,0,0,1,0,0,0,0,0,0,0,0
476,RANDSTAD INDIA PVT LTD is opening position for Financial Analyst job,0,0,0,0,0,0,0,1,0,0,0,0
477,Techquiz is live Competitions now!!!,0,1,0,0,0,0,0,0,0,0,0,0
478,Trainings on Oracle Big Data,0,0,0,0,0,0,0,0,0,1,0,0
479,"Live Session :""Start Exploring Your Overseas Education Today""!!",0,0,0,0,0,0,0,0,0,0,1,0
480,"February 25 ACM SIGAI webinar, ""Autonomous Manipulator Solutions for Mobile Robotics""",0,0,0,0,0,0,0,0,0,0,1,0
481,hardwear.io USA 2019 Talks | Hardware and Embedded systems,0,0,0,0,0,0,0,0,1,0,0,0
482,1. Top Financial Analysis Courses Online - UpdatedÃÂ ,0,0,1,0,0,0,0,0,0,0,0,0
483,Blockchain Coding Contest Offers $100K Prize | PYMNTS.com,0,1,0,0,0,0,0,0,0,0,0,0
484,Web Development part time internship at Vadodara | THT-439,0,0,0,0,0,0,1,0,0,0,0,0
485,Get Introduced to the Next-Level Cisco Certifications,1,0,0,0,0,0,0,0,0,0,0,0
486,Keras Trainings with Deep Learning ,0,0,0,0,0,0,0,0,0,1,0,0
487,Learn basics of networking.,0,0,1,0,0,0,0,0,0,0,0,0
488,Informatica Code-aThon 2018,0,0,0,0,0,1,0,0,0,0,0,0
489,"tutorial on Numerical Programming: Understanding Python, Numpy & Matplotlib",0,0,1,0,0,0,0,0,0,0,0,0
490,Teacher Trainings - How to Teach Online - Remote Teaching,0,0,0,0,0,0,0,0,0,1,0,0
491,The Complete JavaScript Course - Beginner to Professional,0,0,1,0,0,0,0,0,0,0,0,0
492,Python Trainings ,0,0,0,0,0,0,0,0,0,1,0,0
493,"Webinar on ""Impact of COVID-19 pandemiCon research and education""",0,0,0,0,0,0,0,0,0,0,1,0
494,Open Contest,0,1,0,0,0,0,0,0,0,0,0,0
495,work on live projects -internship,0,0,0,0,0,0,1,0,0,0,0,0
496,Cognizant Azure Hackathons,0,0,0,0,0,1,0,0,0,0,0,0
497,Bootcamp on blockchain absolutely free,0,0,0,0,0,0,0,0,0,0,0,1
498,"Webinar on ""Your Study Abroad Journey""",0,0,0,0,0,0,0,0,0,0,1,0
499,Matlab Expo,0,0,0,1,0,0,0,0,0,0,0,0
500,Learn Finance Skills with Finance Online Courses,0,0,1,0,0,0,0,0,0,0,0,0
501,The Complete Node.js Developer Course (3rd Edition),0,0,1,0,0,0,0,0,0,0,0,0
502,"Innovate with the best Hackathons,",0,0,0,0,0,1,0,0,0,0,0,0
503, Trainings Provided by Industry Experts on Microsoft azzure ,0,0,0,0,0,0,0,0,0,1,0,0
504,"Register for webinar on April 2019:ÃÂ Self management, the future of work, purpose-driven organizations and HolacracyÃÂ with Brian Robertson",0,0,0,0,0,0,0,0,0,0,1,0
505,Alibaba Cloud Competitions C,0,1,0,0,0,0,0,0,0,0,0,0
506,AI World Data Science Hackathons  is coming soon,0,0,0,0,0,1,0,0,0,0,0,0
507,Voice Based Payments Hackathons,0,0,0,0,0,1,0,0,0,0,0,0
508,"International exhibition of electroniC,Computer and E commerce",0,0,0,1,0,0,0,0,0,0,0,0
509,internship program for  a Full-stack .NET Developer?,0,0,0,0,0,0,1,0,0,0,0,0
510,"""Arduino Programming and Hardware Fundamentals with Hackster"" from udemy and  get certifcation",1,0,0,0,0,0,0,0,0,0,0,0
511,Online Live Trainings Program - Web Development  ,0,0,0,0,0,0,0,0,0,1,0,0
512,"Global Expert Talk on ""Trends in Cloud Computing towards Industry Oriented Concepts""",0,0,0,0,0,0,0,0,1,0,0,0
513,JavaScript Developer (Fresher/Intern) at JS Tigers Ã¢â¬Â¢ Bengaluru ,0,0,0,0,0,0,1,0,0,0,0,0
514,"Programming With Java Workshop - RoboTryst Tryst , IIT Delhi",0,0,0,0,0,0,0,0,0,0,0,1
515,Online NLP Trainings Using Python ,0,0,0,0,0,0,0,0,0,1,0,0
516,C++  Competitions,0,1,0,0,0,0,0,0,0,0,0,0
517,Are you ready to showcase your coding skills in NextGen FlashFlex Hackathons Powered By Tech Mahindra,0,0,0,0,0,1,0,0,0,0,0,0
518,Video & Self Paced Online Trainings Program by IIT Bhu varanasi EI Systems ,0,0,0,0,0,0,0,0,0,1,0,0
519,online session Essentials in JavaScript ES6 - A Fun and Clear Introduction,0,0,0,0,0,0,0,0,0,0,1,0
520,Free Workshop on How To Ace Job Interviews - Register now!,0,0,0,0,0,0,0,0,0,0,0,1
521,Online Seminar Open House:Career Planning and Guidance,0,0,0,0,0,0,0,0,0,0,1,0
522,"Register for  Industry Webinar on 9 May with Suparna Bhattacharya: ""AI/ML/Big Data Analytics: When Will System Software Catch Up?""",0,0,0,0,0,0,0,0,0,0,1,0
523,3DPRINTEXPO,0,0,0,1,0,0,0,0,0,0,0,0
524,JavaScript 2019: JavaScript ES6 Trainings,0,0,0,0,0,0,0,0,0,1,0,0
525,Essentia 2018 - IEEE TECHITHON (Technical Fest),0,0,0,0,1,0,0,0,0,0,0,0
526,Decom systems is hiring Computer Hardware & Networking Engineer,0,0,0,0,0,0,0,1,0,0,0,0
527,#CODE19 Hackathons against covid19 is live from 20 th july,0,0,0,0,0,1,0,0,0,0,0,0
528, May 22 Talk on AWS Lambda with Luke Closs,0,0,0,0,0,0,0,0,1,0,0,0
529,Attend a Free Demo on Oracle Fusion SCM Trainings ,0,0,0,0,0,0,0,0,0,1,0,0
530,Innovate in covid-19,0,1,0,0,0,0,0,0,0,0,0,0
531,CA Technologies Java Combat,0,0,0,0,0,1,0,0,0,0,0,0
532,The Opus Code Rush 2016,0,0,0,0,0,1,0,0,0,0,0,0
533,12th International Workshop on Higher Education Reform,0,0,0,0,0,0,0,0,0,0,0,1
534,Technooyster is hiring . Apply Now.,0,0,0,0,0,0,0,1,0,0,0,0
535,Python 3 Network Programming - Build 5 Network Applications Certifications from udemy,1,0,0,0,0,0,0,0,0,0,0,0
536,"From Wire to PLC, A Bootcamp In Industrial Automation",0,0,0,0,0,0,0,0,0,1,0,0
537,Workshop - Kerala State Higher Education Council,0,0,0,0,0,0,0,0,0,0,0,1
538,Basics of Android workshop ,0,0,0,0,0,0,0,0,0,0,0,1
539,Proctur is hiring . Apply Now.,0,0,0,0,0,0,0,1,0,0,0,0
540,Exclusive talk on Modern JavaScript From The BeginningÃÂ ,0,0,0,0,0,0,0,0,1,0,0,0
541,Engineering Projects Expo 2020,0,0,0,1,0,0,0,0,0,0,0,0
542,Master Class on Studying in the UAE is going *LIVE* in 10 minutes! Grab your seat,0,0,0,0,0,0,0,0,1,0,0,0
543,Job Alert: Cisco is hiring for C/C++ developers in India,0,0,0,0,0,0,0,1,0,0,0,0
544,Code: The next universal language | TED Talks,0,0,0,0,0,0,0,0,1,0,0,0
545,"Register for  Webinar on 25 July with Jonaki Ghosh: ""Computational Thinking in the Mathematics Classroom",0,0,0,0,0,0,0,0,0,0,1,0
546,Govt Jobs In India | 5000 Government Vacancy Apply Online Now,0,0,0,0,0,0,0,1,0,0,0,0
547,Free Workshop - How to become a web developer,0,0,0,0,0,0,0,0,0,0,0,1
548,Python Development For Step Motor Raspberry Pi Project Part Time :Infigo Research Laboratories Private Limited,0,0,0,0,0,0,0,1,0,0,0,0
549,"Webinar on 20 June with Lipika Dey:""Text Analytics for Health Care""",0,0,0,0,0,0,0,0,0,0,1,0
550,One day Workshop on Unix / Linux,0,0,0,0,0,0,0,0,0,0,0,1
551,Vue.js Fast Crash Course,0,0,1,0,0,0,0,0,0,0,0,0
552,Finance Courses - Browse All Finance Trainings | CFI,0,0,1,0,0,0,0,0,0,0,0,0
553,Upscale Your Adobe Photoshop Skills with New Artificial Intelligence Features,0,0,1,0,0,0,0,0,0,0,0,0
554,Mypoolin Code Contest,0,0,0,0,0,1,0,0,0,0,0,0
555,Linux Networking Trainings ,0,0,0,0,0,0,0,0,0,1,0,0
556,Student Hardware Competition | IEEE SoutheastCon 2020,0,1,0,0,0,0,0,0,0,0,0,0
557,Planning to give your GRE Exam soon?register for this talk ,0,0,0,0,0,0,0,0,1,0,0,0
558,Australia studies fair in your college,0,0,0,1,0,0,0,0,0,0,0,0
559,"Weinar on ""AWS, Azure, and Google Cloud: Demystifying Multi-Cloud for Your Organization""",0,0,0,0,0,0,0,0,0,0,1,0
560,The New Fundamentals of Management workshop (6 Course Bundle),0,0,0,0,0,0,0,0,0,0,0,1
561,Nvision 2020 is here,0,0,0,0,1,0,0,0,0,0,0,0
562,Tech fest 2021 is here,0,0,0,0,1,0,0,0,0,0,0,0
563,Software Architecture Conference 2019 Ã¢â¬â Engineering The ...,0,0,0,0,0,0,0,0,0,0,1,0
564,Webinar on DigitalTransformation by Xpanxion on 23rd June '2020 at 3:30 pm,0,0,0,0,0,0,0,0,0,0,1,0
565,CISSP Certifications Prep: Security and Risk Management,1,0,0,0,0,0,0,0,0,0,0,0
566,TechXLR8 - London Tech Week 2020,0,0,0,1,0,0,0,0,0,0,0,0
567,Spectrum 2018 with exciting events is on fire!!,0,0,0,0,1,0,0,0,0,0,0,0
568,Mactores - Cloud Engineer - AWS/Azure - Internship,0,0,0,0,0,0,1,0,0,0,0,0
569,February Code War Hackathons,0,0,0,0,0,1,0,0,0,0,0,0
570,Bootcamp for ML techies,0,0,0,0,0,0,0,0,0,0,0,1
571,Great Learning Python Challenge | Programming challenges on hackerearth,0,1,0,0,0,0,0,0,0,0,0,0
572,Expo to the Security threats,0,0,0,1,0,0,0,0,0,0,0,0
573,"June 8 Talk: ""Leveraging the ACM Code of Ethics Against Ethical Snake Oil and Dodgy Development,? with Don Gotterbarn and Marty Wolf",0,0,0,0,0,0,0,0,1,0,0,0
574,Inspiring Web page design Contests - 99designs,0,1,0,0,0,0,0,0,0,0,0,0
575,Online Summer Internship Program in Machine Learning,0,0,0,0,0,0,1,0,0,0,0,0
576,Certified JavaScript Developer,1,0,0,0,0,0,0,0,0,0,0,0
577,Virtual workshop on Cloud computing ,0,0,0,0,0,0,0,0,0,0,0,1
578,MJB technologies LLP is hiring for Business System Analyst - Project Management  position,0,0,0,0,0,0,0,1,0,0,0,0
579,Online session on Design Patterns in the Light of Lambda Expressions by Subramaniam,0,0,0,0,0,0,0,0,0,0,1,0
580,jQuery workshop : JavaScript and AJAX Coding Bible,0,0,0,0,0,0,0,0,0,0,0,1
581,Artificial Intelligence Internship,0,0,0,0,0,0,1,0,0,0,0,0
582,"C++ Courses, Tutorials & Classes Online (Pluralsight)",0,0,1,0,0,0,0,0,0,0,0,0
583,Industrial AI/IoT Expo,0,0,0,1,0,0,0,0,0,0,0,0
584,Web Design Contests and Web Design Competitions,0,1,0,0,0,0,0,0,0,0,0,0
585,Java Trainings from Scratch - No Coding Experience Required?,0,0,0,0,0,0,0,0,0,1,0,0
586,"Tryst, the annual technical festival of the Indian Institute of Technology Delhi is back in 2020",0,0,0,0,1,0,0,0,0,0,0,0
587,"February 26 Talk with Tulsee Doshi: ""Fairness in Machine Learning""",0,0,0,0,0,0,0,0,1,0,0,0
588,Trainings Program for Software developer,0,0,0,0,0,0,0,0,0,1,0,0
589,"Machine Learning Intern :Part-time, Internship, Fresher",0,0,0,0,0,0,1,0,0,0,0,0
590,Computer Hardware Course & Networking Course,0,0,1,0,0,0,0,0,0,0,0,0
591,need for a cloud professional job,0,0,0,0,0,0,0,1,0,0,0,0
592,Python Development Job internship At Multiple Locations : Agrahyah Technologies,0,0,0,0,0,0,1,0,0,0,0,0
593,Portland Veterans Career Fair,0,0,0,1,0,0,0,0,0,0,0,0
594,bootcamp on  Align DevOps with IT Service Management (ITSM) ,0,0,0,0,0,0,0,0,0,0,0,1
595,Pragyan Hackathons,0,0,0,0,0,1,0,0,0,0,0,0
596,Search relevant jobs to your skills on firstbleep .com,0,0,0,0,0,0,0,1,0,0,0,0
597,Techintelligent 2020 is on!,0,0,0,0,1,0,0,0,0,0,0,0
598,Check Out Top Companies Hiring Now!,0,0,0,0,0,0,0,1,0,0,0,0
599,2020 international design competetion,0,1,0,0,0,0,0,0,0,0,0,0
600,A talk on Using sagas to maintain data consistency in a microservice architecture by Chris Richardson,0,0,0,0,0,0,0,0,1,0,0,0
601,A Webinar On  How To Develop LogistiCRegression Model Using Python,0,0,0,0,0,0,0,0,0,0,1,0
602,Blockchain TrainingsÃÂ ,0,0,0,0,0,0,0,0,0,1,0,0
603,Job listings python developer pune persistent systems limited pune with  5 to 8 years work experience,0,0,0,0,0,0,0,1,0,0,0,0
604,Advanced C++ Programming  Course | Udemy,0,0,1,0,0,0,0,0,0,0,0,0
605,Altis Festival is here with new events,0,0,0,0,1,0,0,0,0,0,0,0
606,EmbeddedTech India expo 2020  is from 21 march to 25 march,0,0,0,1,0,0,0,0,0,0,0,0
607, IoT Trainings - From Beginner to Expert from www.springpeople.com,0,0,0,0,0,0,0,0,0,1,0,0
608,India's first virtual EDM  festival is here0,0,0,0,0,1,0,0,0,0,0,0,0
609,attend  Unveiling the Cisco Certifications Migration Tool,1,0,0,0,0,0,0,0,0,0,0,0
610,Cloud Computing Workshop- Amazon Web Services 2020,0,0,0,0,0,0,0,0,0,0,0,1
611,Cyber Security 2 Days Workshop | Data Security,0,0,0,0,0,0,0,0,0,0,0,1
612,Unlock Secrets of Configuration Management With Microsoft SCCM Certifications Trainings ,0,0,0,0,0,0,0,0,0,1,0,0
613,Maven Trainings | Live Maven Certifications Trainng - HKR Trainingss ,0,0,0,0,0,0,0,0,0,1,0,0
614,Cybage Code Wars,0,0,0,0,0,1,0,0,0,0,0,0
615,Date Extended : Adobe CoDiva Ã¢â¬â International WomenÃ¢â¬â¢s Day Hackathons 2020 / 26th march last date to apply,0,0,0,0,0,1,0,0,0,0,0,0
616,CashKaro App-A-Thon,0,0,0,0,0,1,0,0,0,0,0,0
617,You look like a good fit for the job at Deutsche Bank. Apply now.,0,0,0,0,0,0,0,1,0,0,0,0
618,Get a System Administration Certifications from PurpleHat today.,1,0,0,0,0,0,0,0,0,0,0,0
619,Microsoft Imagine Cup competitions,0,1,0,0,0,0,0,0,0,0,0,0
620,Lecture on MANAGEMENT ETHOS Ã¢â¬â ANCIENT INDIAN KNOWLEDGE PERSPECTIVE byÃÂ Prof. Rani Sadasiva MurtyÃÂ ,0,0,0,0,0,0,0,0,1,0,0,0
621,Be a part of the transformation: NITI Aayog - Pune Smart City > Hackathons : Savitribai Phule Pune University,0,0,0,0,0,1,0,0,0,0,0,0
622,Microsoft Azure and Web Services Online Trainings ,0,0,0,0,0,0,0,0,0,1,0,0
623,Webinar on The Future of IT Service Management (ITSM) with ITIL 4,0,0,0,0,0,0,0,0,0,0,1,0
624,Innovision 2020 !!!,0,0,0,0,1,0,0,0,0,0,0,0
625,Code4MetricStream Java Hiring now,0,0,0,0,0,0,0,1,0,0,0,0
626,"Register for  Industry Webinar on 5 October with Kaarthik Sivakumar: ""Behind the Green Lock: Security for Today's Internet",0,0,0,0,0,0,0,0,0,0,1,0
627,Accelerate AI Career Lab & Expo,0,0,0,1,0,0,0,0,0,0,0,0
628,JavaScript Internship  | StartUs,0,0,0,0,0,0,1,0,0,0,0,0
629,Python Trainings - Best In Class-Room Trainings? from sevenmentor.com,0,0,0,0,0,0,0,0,0,1,0,0
630,Favorite courses to learn Software Architecture in 2020,0,0,1,0,0,0,0,0,0,0,0,0
631,"Session on ""How To Build A Machine Learning Model""",0,0,0,0,0,0,0,0,0,0,0,1
632,Confirm your Seat  for Webinar - Study in UAE,0,0,0,0,0,0,0,0,1,0,0,0
633,Ethical Hacking Trainings,0,0,0,0,0,0,0,0,0,1,0,0
634,IoT Korea Exhibition 2020,0,0,0,1,0,0,0,0,0,0,0,0
635,expo to the  Security Threats,0,0,0,1,0,0,0,0,0,0,0,0
636,HONCODE Challenge,0,0,0,0,0,1,0,0,0,0,0,0
637,Biggest IOT Competition in India - Skyfi Labs,0,1,0,0,0,0,0,0,0,0,0,0
638,40 hour bootcamp on AI,0,0,0,0,0,0,0,0,0,0,0,1
639,Online Summer Internship Program on IoT AI ML ...,0,0,0,0,0,0,1,0,0,0,0,0
640,Apply for the trending Certifications of 2019,1,0,0,0,0,0,0,0,0,0,0,0
641,Advance Your Career with Oracle SOA Trainings ,0,0,0,0,0,0,0,0,0,1,0,0
642,Expert lecture on Mastering Microcontroller with Embedded Driver Development,0,0,0,0,0,0,0,0,1,0,0,0
643,"Learn Distributed Java Applications at Scale, Parallel Programming, Distributed Computing & Cloud Software Architecture with Certifications ",1,0,0,0,0,0,0,0,0,0,0,0
644,JOB Opportunity- Pyhton JAVA,0,0,0,0,0,0,0,1,0,0,0,0
645,Mastering Microsoft Teams - The Future of Teamwork,0,0,1,0,0,0,0,0,0,0,0,0
646,Data Science  Internship ÃÂ» Data Science Dojo,0,0,0,0,0,0,1,0,0,0,0,0
647,Ansys is looking for: Software Development Intern.,0,0,0,0,0,0,1,0,0,0,0,0
648,Get Your Head in the Cloud: The Growing Importance of Cloud Certifications,1,0,0,0,0,0,0,0,0,0,0,0
649,Get certified from top institutes.,1,0,0,0,0,0,0,0,0,0,0,0
650,Microsoft Certified Solutions Associate (MCSA: Web Applications) Exam 70-480: Programming in HTML5 with JavaScript and CSS3,1,0,0,0,0,0,0,0,0,0,0,0
651,"Artificial intelligence competition with $100,000 in prize money",0,1,0,0,0,0,0,0,0,0,0,0
652,"WORKDAY FINANCE Jobs  in Chennai,Noida",0,0,0,0,0,0,0,1,0,0,0,0
653,Hiring For- MNC- Hyderabad For Java-AWS Developer-Permanent Position,0,0,0,0,0,0,0,1,0,0,0,0
654,A Program of Drug Discovery Hackathons 2020 DDH.,0,0,0,0,0,1,0,0,0,0,0,0
655,"A Session Organised By Department Of CSE For ""Project Guidance From Selection To Implementation""",0,0,0,0,0,0,0,0,0,0,1,0
656,"Online Webinar On ""Gearing Up Your Innovation Contest""",0,0,0,0,0,0,0,0,0,0,1,0
657,Smart Mobility Expo,0,0,0,1,0,0,0,0,0,0,0,0
658,Open Competitions - Code Gladiators 2019,0,1,0,0,0,0,0,0,0,0,0,0
659,Dell Boomi online Trainings at Tekslate ,0,0,0,0,0,0,0,0,0,1,0,0
660,Innovation day and National level project expo,0,0,0,1,0,0,0,0,0,0,0,0
661,Django Python Development Internship In Pune At Autovista,0,0,0,0,0,0,1,0,0,0,0,0
662,Networking Competition | IEEE SoutheastCon 2019,0,1,0,0,0,0,0,0,0,0,0,0
663,Business Acumen for Project Managers roles are hiring ,0,0,0,0,0,0,0,1,0,0,0,0
664,Data Science jobs at Siemens: Know the hiring process,0,0,0,0,0,0,0,1,0,0,0,0
665,Internship in Hardware Networking  (Jul 2020),0,0,0,0,0,0,1,0,0,0,0,0
666,Complete Guide to Build IOT Things from Scratch to Market along with certifcation from udemy,1,0,0,0,0,0,0,0,0,0,0,0
667,Attend Free Demo on RPA  Trainings ,0,0,0,0,0,0,0,0,0,1,0,0
668,Association of International Product Marketing and Management (AIPMM) Certified Brand Manager,1,0,0,0,0,0,0,0,0,0,0,0
669,Faculty Trainings Program On Internet Of Things,0,0,0,0,0,0,0,0,0,1,0,0
670,Learn python for free,0,0,1,0,0,0,0,0,0,0,0,0
671,Want to become Cyber Security Analyst? ShieldByte InfoseCPvt Ltd is hiring now,0,0,0,0,0,0,0,1,0,0,0,0
672,"Summer Trainings  Program in Bangalore by Innovians Technologies & E-Cell, IIT Roorkee ",0,0,0,0,0,0,0,0,0,1,0,0
673,Voice Based Pyments Hackathons,0,0,0,0,0,1,0,0,0,0,0,0
674,Financial Modeling Competition - 2019 Case Championship,0,1,0,0,0,0,0,0,0,0,0,0
675,Live session onBest Practices in Software Development: Interface Overuse ...,0,0,0,0,0,0,0,0,0,0,1,0
676,Solution Hunters Hackathons,0,0,0,0,0,1,0,0,0,0,0,0
677,ÃÂ NACACNational Conference,0,0,0,0,0,0,0,0,0,0,0,1
678,The ICFP Programming Contest,0,1,0,0,0,0,0,0,0,0,0,0
679,RPA Hackathons,0,0,0,0,0,1,0,0,0,0,0,0
680,Global Cyberlympics | International Hacking Competition,0,1,0,0,0,0,0,0,0,0,0,0
681,HackWithInfy 2020 Registrations: Hurry! Last 3 days left!,0,0,0,0,0,1,0,0,0,0,0,0
682,Hands-On Power BI for Data Visualization workshop,0,0,0,0,0,0,0,0,0,0,0,1
683,Data Analytics Internship:Think Analytics India Private Limited,0,0,0,0,0,0,1,0,0,0,0,0
684,HERE-a-Thon 3 Hackathons,0,0,0,0,0,1,0,0,0,0,0,0
685,"National Webinar ""Hang Out with Entrepreneurs""",0,0,0,0,0,0,0,0,0,0,1,0
686,The most awaited IT festival is here,0,0,0,0,1,0,0,0,0,0,0,0
687,Learn the key elements of blockchain and Bitcoin in this bestselling video course with Certifications from udemy,1,0,0,0,0,0,0,0,0,0,0,0
688,Job Opening for Back End Developer (Node-Js) - Pune (Shivaji Nagar)!,0,0,0,0,0,0,0,1,0,0,0,0
689,SPECTRUM festival I back- 2020!!!,0,0,0,0,1,0,0,0,0,0,0,0
690,AWS: What's New in Amazon EC2 through aws experts ,0,0,0,0,0,0,0,0,0,0,1,0
691,The C++ Programming Course For Beginners,0,0,1,0,0,0,0,0,0,0,0,0
692,Free Online Computer Hardware Trainings  from alison.com,0,0,0,0,0,0,0,0,0,1,0,0
693, workshop for Boost IT efficiency with DevOps,0,0,0,0,0,0,0,0,0,0,0,1
694,HERE-a-thon 1 is waiting for you!!,0,0,0,0,0,1,0,0,0,0,0,0
695,ÃÂ JavaScript Essential Trainings (LinkedIn Learning Ã¢â¬â Lynda),0,0,0,0,0,0,0,0,0,1,0,0
696,Financial Analyst Trainings - Browse All Online | CFI,0,0,0,0,0,0,0,0,0,1,0,0
697,Software Architecture Online Courses | LinkedIn,0,0,1,0,0,0,0,0,0,0,0,0
698,CNP - Certified Network Principles,1,0,0,0,0,0,0,0,0,0,0,0
699,Linux Trainings In Hyderabad ,0,0,0,0,0,0,0,0,0,1,0,0
700,Machine Learning Internship:Exa Mobility India Private Limited -,0,0,0,0,0,0,1,0,0,0,0,0
701,NIT Jamshedpur Ã¢â¬â Techno-Management Fest Ã¢â¬â 2019 Ã¢â¬â Ojass,0,0,0,0,1,0,0,0,0,0,0,0
702,BICSI ITS Technician Trainings,0,0,0,0,0,0,0,0,0,1,0,0
703,"UPCOMING JOBS IN INDIA: What should studentslearn now? an online session by Mr. Soumen Majumdar, Vice President -Corporate HR, Mahindra CIE Automotive Limited",0,0,0,0,0,0,0,1,0,0,0,0
704,Information Security Specialist(CiSS v4) Course In GHaziabad Noida Delhi ,0,0,1,0,0,0,0,0,0,0,0,0
705,Certified Project Management Practitioner (CPMP),1,0,0,0,0,0,0,0,0,0,0,0
706,AWS Trainings in Bangalore ,0,0,0,0,0,0,0,0,0,1,0,0
707,Techniche 20 ,0,0,0,0,0,1,0,0,0,0,0,0
708,Advace your career with sharepoint online Trainings ,0,0,0,0,0,0,0,0,0,1,0,0
709,Nucleus Software - HackBattle,0,0,0,0,0,1,0,0,0,0,0,0
710,Mobile App Development Trainings - Tonex Trainings,0,0,0,0,0,0,0,0,0,1,0,0
711,Master the New Microsoft Azure Administrator Associate (AZ-103) Exam,0,0,1,0,0,0,0,0,0,0,0,0
712,127 Management Intern in India (2 new) - LinkedIn,0,0,0,0,0,0,1,0,0,0,0,0
713,LoweÃ¢â¬â¢s Campus Hackathons,0,0,0,0,0,1,0,0,0,0,0,0
714,Tampa Veterans career fair,0,0,0,1,0,0,0,0,0,0,0,0
715,IG PAN India Competitions,0,1,0,0,0,0,0,0,0,0,0,0
716,JavaScript Coding Challenges - DEV - Dev.to,0,1,0,0,0,0,0,0,0,0,0,0
717,Revolution of the open hardware | Bram Geenen | TED talks xMadrid,0,0,0,0,0,0,0,0,1,0,0,0
718,IEEE Computer Society Webinar: Open Cirrus Cloud Computing Testbed: Federated Data Centers for Open Source Systems and Services Research,0,0,0,0,0,0,0,0,0,0,1,0
719,Web Vulnerability Assessment and Penetration Testing (CVPS) Course In GHaziabad Noida Delhi ,0,0,1,0,0,0,0,0,0,0,0,0
720,Hiring on Urgent Basis Web Developer,0,0,0,0,0,0,0,1,0,0,0,0
721,Live talk on Develop confidence in  analysis and manegrial finance,0,0,0,0,0,0,0,0,1,0,0,0
722,IICNational Innovation Contest 2020,0,1,0,0,0,0,0,0,0,0,0,0
723, Master Agile Scrum and its Benefits by this course,0,0,1,0,0,0,0,0,0,0,0,0
724,5 Most In-Demand Cyber Security  job ,0,0,0,0,0,0,0,1,0,0,0,0
725,VMware online Trainings ,0,0,0,0,0,0,0,0,0,1,0,0
726,IEEE Mobile application development contest,0,1,0,0,0,0,0,0,0,0,0,0
727,C++ Hiring Challenge,0,0,0,0,0,0,0,1,0,0,0,0
728,FINANCE Internships in India | Internship in FINANCE 2020,0,0,0,0,0,0,1,0,0,0,0,0
729,Linux Security Fundamentals Trainings ,0,0,0,0,0,0,0,0,0,1,0,0
730, Javascript Online  Course - HKR ,0,0,1,0,0,0,0,0,0,0,0,0
731,SQL Server 2017: Application Development Best Practices recruitment opportunities,0,0,0,0,0,0,0,1,0,0,0,0
732,Why Learn Blockchain | Internship in Blockchain - Verzeo,0,0,0,0,0,0,1,0,0,0,0,0
733,Web Development Competition - CodeProject,0,1,0,0,0,0,0,0,0,0,0,0
734, Webinar on Machine Learning and Decision-Making with ACM Fellow Michael I. Jordan,0,0,0,0,0,0,0,0,0,0,1,0
735,Apple Certified Macintosh Technician (ACMT),1,0,0,0,0,0,0,0,0,0,0,0
736,GraphiCDesigner Jobs ,0,0,0,0,0,0,0,1,0,0,0,0
737,Hacking Workshop Ã¢â¬ÅAnshathonÃ¢â¬Â,0,0,0,0,0,0,0,0,0,0,0,1
738,"Register for webinar on ""Software Architecture versus Software design - definition and differentiation""",0,0,0,0,0,0,0,0,0,0,1,0
739,Webinar On importance Of IELTS Exam For Overseas Opportunities,0,0,0,0,0,0,0,0,0,0,1,0
740,MongoDB Trainings - Free demo ,0,0,0,0,0,0,0,0,0,1,0,0
741,Mobile Application Development Trainings Institute Hyderabad,0,0,0,0,0,0,0,0,0,1,0,0
742,Apigee online Trainings ,0,0,0,0,0,0,0,0,0,1,0,0
743,C++ Trainings Online | C Trainings Online | Internshala Trainingss,0,0,0,0,0,0,0,0,0,1,0,0
744, Webinar on -Research Documentation tools - LyX andJabRef,0,0,0,0,0,0,0,0,0,0,1,0
745,Free Live Webinar on Salesforce Admin - Learn Salesforce Admin in 60 Minutes ,0,0,0,0,0,0,0,0,0,0,1,0
746,Become ios certified for free,1,0,0,0,0,0,0,0,0,0,0,0
747,VIP Reminder: May 22 webinar on AWS Lambda with Luke Closs,0,0,0,0,0,0,0,0,0,0,1,0
748,Java 4K Game Programming Contest,0,1,0,0,0,0,0,0,0,0,0,0
749,"How does cloud computing work?Understand cloud computing definition, concepts & jargon in layman's term with  Certifications from udemy",1,0,0,0,0,0,0,0,0,0,0,0
750,Smart city festival is awaiting!!,0,0,0,0,1,0,0,0,0,0,0,0
751,bootcamp on fundamentals of Cand java,0,0,0,0,0,0,0,0,0,0,0,1
752,"MIT Hackathons PUNE, INTERNET OF THINGS (IOT) is live now",0,0,0,0,0,1,0,0,0,0,0,0
753, build projects with pure JavaScript (No frameworks or libraries) and get Certifications to enrich your resume,1,0,0,0,0,0,0,0,0,0,0,0
754,Kothari Legal Services is hiring . Apply Now,0,0,0,0,0,0,0,1,0,0,0,0
755,Ã¢â¬ÅWorkshop on Mobile Applications DevelopmentÃ¢â¬Â,0,0,0,0,0,0,0,0,0,0,0,1
756,China International Smart Energy and Energy Data Center and Network Information Security Equipment Exhibition (SEDCISE),0,0,0,1,0,0,0,0,0,0,0,0
757,Litifer Hiring Data Science Machine Learning Interns,0,0,0,0,0,0,1,0,0,0,0,0
758,Mindmajix Provides .NET Trainings Online with a FREE Demo ,0,0,0,0,0,0,0,0,0,1,0,0
759,"Hire For R&D - API - Process Development - Atchutapuram, Vizag at 2Coms Consulting Pvt Ltd.",0,0,0,0,0,0,0,1,0,0,0,0
760,Job Alert: Amazon is hiring for Software Development Intern position in India,0,0,0,0,0,0,0,1,0,0,0,0
761,Technical Consulting Intern- AI frameworks and tools : Intel Corporation,0,0,0,0,0,0,1,0,0,0,0,0
762,KMITL Online Internship,0,0,0,0,0,0,1,0,0,0,0,0
763,VULCANZY an annual tech fest organised by NIT AP is back for its 15 year,0,0,0,0,1,0,0,0,0,0,0,0
764,IEEE IoT Webinar: Social Impact of and on IoT,0,0,0,0,0,0,0,0,0,0,1,0
765,2-Day Workshop on Android Application Development,0,0,0,0,0,0,0,0,0,0,0,1
766,AWS Cloud Computing Internship ,0,0,0,0,0,0,1,0,0,0,0,0
767,Education and Trainings Resources & Technology Expo,0,0,0,1,0,0,0,0,0,0,0,0
768,Free Online Teaching Courses for Teacher CPD ,0,0,1,0,0,0,0,0,0,0,0,0
769,Computer Operator Data Entry Operator job at Obelisk System pvt ltd in India...,0,0,0,0,0,0,0,1,0,0,0,0
770," HTML, CSS, and Javascript for Web Developers Trainings by Johns Hopkins",0,0,0,0,0,0,0,0,0,1,0,0
771,Gartner Security & Risk Management Summit 2020,0,0,0,1,0,0,0,0,0,0,0,0
772,Trainings on IOS with MaC,0,0,0,0,0,0,0,0,0,1,0,0
773,NECOpen Innovation Hackathons,0,0,0,0,0,1,0,0,0,0,0,0
774,wipro recruitment for freshers Ã¢â¬â Need WAS L3 support for WIPRO ltd,0,0,0,0,0,0,0,1,0,0,0,0
775,The Complete Full-Stack JavaScript Course!,0,0,1,0,0,0,0,0,0,0,0,0
776,The Java Workshop - Packt - Workshop Learning,0,0,0,0,0,0,0,0,0,0,0,1
777,Infosys HackWithInfy 2020 - Registrations open!,0,0,0,0,0,1,0,0,0,0,0,0
778,Top 10 Online Internship Trainings Program in ... - Internshipwala,0,0,0,0,0,0,1,0,0,0,0,0
779,"One Day Workshop on ""Technical Report Writing :-Latex""",0,0,0,0,0,0,0,0,0,0,0,1
780,"Wissenaire , the annual techno-management festival of Indian Institute of Technology Bhubaneswar",0,0,0,0,1,0,0,0,0,0,0,0
781,Top IT Certifications are in your way,1,0,0,0,0,0,0,0,0,0,0,0
782,AI Expo Africa,0,0,0,1,0,0,0,0,0,0,0,0
783,Webinar on Galvanize Remote Part-time Data Science Information Session,0,0,0,0,0,0,0,0,0,0,1,0
784,Artificial Intelligence Exhibition & Conference (AI EXPO),0,0,0,1,0,0,0,0,0,0,0,0
785,BVOP Certified Project Manager,1,0,0,0,0,0,0,0,0,0,0,0
786,Location Services Campus Hackathons is live now!!!,0,0,0,0,0,1,0,0,0,0,0,0
787,"Amalthea,technical summit of Indian Institute of Technology Gandhinagar is awaiting",0,0,0,0,1,0,0,0,0,0,0,0
788,"Webinar on ""Learn to Code Denver: JavaScript 201 - Functions & Scope""",0,0,0,0,0,0,0,0,0,0,1,0
789,IOT India Expo,0,0,0,1,0,0,0,0,0,0,0,0
790,European Cyber Security Challenge Ã¢â¬â ECSC,0,1,0,0,0,0,0,0,0,0,0,0
791,Ceequence Technologies is looking for: Python Fresher Required.,0,0,0,0,0,0,0,1,0,0,0,0
792,START YOUR CAREER WITH Javascript Trainings AT MINDMAJIX ,0,0,0,0,0,0,0,0,0,1,0,0
793,14th China Hardware Product Design Competition 2019,0,1,0,0,0,0,0,0,0,0,0,0
794,Last week before the registrations for HackWithInfy 2020 closes!,0,0,0,0,0,1,0,0,0,0,0,0
795,participate in National skill test,0,1,0,0,0,0,0,0,0,0,0,0
796,Expert lecture on Analytics in the Cloud with Tableau on AWS,0,0,0,0,0,0,0,0,1,0,0,0
797,Running a Mobile App Dev Business: The Complete Guide along with Certifications,1,0,0,0,0,0,0,0,0,0,0,0
798,Learn the basics and advanced of c++ from scratch. Get your programmer certificate!,1,0,0,0,0,0,0,0,0,0,0,0
799,Skill up with Mindmajix's TensorFlow Trainings and bcome Job Ready ! ,0,0,0,0,0,0,0,0,0,1,0,0
800,"Access""Machine Learning A-ZÃ¢âÂ¢: Hands-On Python & R In Data Science"" and get Certifications  on completion ",1,0,0,0,0,0,0,0,0,0,0,0
801,Intern required at PTCand . Apply now.,0,0,0,0,0,0,1,0,0,0,0,0
802,recruitment for SQL Server 2017: Indexing for Higher Performance,0,0,0,0,0,0,0,1,0,0,0,0
803,Python Development  internship At Pune In Skillbit,0,0,0,0,0,0,1,0,0,0,0,0
804,Upgrade your skills with Big data course,0,0,1,0,0,0,0,0,0,0,0,0
805,Virtual Cyber Security Chicago Conference 2020,0,0,0,1,0,0,0,0,0,0,0,0
806,Seminar on How To Build a Computer: A Beginner's Guide,0,0,0,0,0,0,0,0,0,0,1,0
807,Cohesity TopCoder Competitons,0,1,0,0,0,0,0,0,0,0,0,0
808,Mobile App Design in Photoshop From Scratch: Design Uber App and also get Certifications from udemy,1,0,0,0,0,0,0,0,0,0,0,0
809,IWSEC2020(The 15th International Workshop on Security),0,0,0,0,0,0,0,0,0,0,0,1
810,Techfest,0,0,0,0,1,0,0,0,0,0,0,0
811,CODE4VFSGLOBAL,0,0,0,0,0,1,0,0,0,0,0,0
812,McAfee Competitions - Code For McAfee,0,1,0,0,0,0,0,0,0,0,0,0
813,Free Webinar On- How To Prepare For Coding Interviews?,0,0,0,0,0,0,0,0,0,0,1,0
814,Infinite open source solutions is hiring Mobile Application Development at kerala,0,0,0,0,0,0,0,1,0,0,0,0
815,PHP Software Developer - intern,0,0,0,0,0,0,1,0,0,0,0,0
816,Workshop on Security and Privacy in Big Data | 2020 IEEE INFOCOM,0,0,0,0,0,0,0,0,0,0,0,1
817,UpTricks Services is hiring . Apply Now.,0,0,0,0,0,0,0,1,0,0,0,0
818,Avishkar is here with full of new events,0,0,0,0,1,0,0,0,0,0,0,0
819,Project Management Certifications ,0,0,1,0,0,0,0,0,0,0,0,0
820,Work on live projects with global parterns-internship,0,0,0,0,0,0,1,0,0,0,0,0
821,Seventh RBCDSAI Workshop on Recent Progress in Data Science and AI,0,0,0,0,0,0,0,0,0,0,0,1
822,BITS Pilani Ã¢â¬â Technical Fest Ã¢â¬â APOGEEÃ¢â¬â 2019,0,0,0,0,1,0,0,0,0,0,0,0
823,CyberSecurity Trainings with Internship | Kernel Trainings,0,0,0,0,0,0,1,0,0,0,0,0
824,The JavaScript Developer Certificate,1,0,0,0,0,0,0,0,0,0,0,0
825,Free course on Machine learning.,0,0,1,0,0,0,0,0,0,0,0,0
826,ACM India Industry Webinar on 18 July with Srinivas Padmanabhuni: End to End Testing of AI Systems: Putting Quality Assurance Centre Stage,0,0,0,0,0,0,0,0,0,0,1,0
827,Recruitment for CyberSecurity Analyst (CySA+): Threat Management,0,0,0,0,0,0,0,1,0,0,0,0
828,Online Matlab For Enginners Bootcamp,0,0,0,0,0,0,0,0,0,1,0,0
829,Techlligent 2020 is on!!!,0,0,0,0,1,0,0,0,0,0,0,0
830,Code  Battle Begin !!!!,0,1,0,0,0,0,0,0,0,0,0,0
831,Expert Lecture on IOT,0,0,0,0,0,0,0,0,1,0,0,0
832,Top Software Architecture Courses Online - Updated,0,0,1,0,0,0,0,0,0,0,0,0
833,"One-Day National SeminarÃÂ on ""Recent trends in Artificial Intelligence""ÃÂ ",0,0,0,0,0,0,0,0,0,0,1,0
834,Webinar on Cisco Cisco Certified Technician (CCT) Routing & Switching,1,0,0,0,0,0,0,0,0,0,0,0
835,KPIT Sparkel Ideation Competition,0,1,0,0,0,0,0,0,0,0,0,0
836,Web Developer Trainings ,0,0,0,0,0,0,0,0,0,1,0,0
837,"Master ""Microsoft Excel - Excel from Beginner to Advanced"" from udemy with Certifications",1,0,0,0,0,0,0,0,0,0,0,0
838,JPMorgan Chase & Co. is looking for: 2020 Software Engineer Program - Summer hiring program,0,0,0,0,0,0,0,1,0,0,0,0
839,trending disscussion on Why IT Professionals Must have Critical Thinking Skills for Better Productivity at Work?,0,0,0,0,0,0,0,0,1,0,0,0
840,Amdocs Is Hiring Technology Specialist,0,0,0,0,0,0,0,1,0,0,0,0
841,Participate in national coding test now!!!,0,1,0,0,0,0,0,0,0,0,0,0
842,Unreal Engine C++ Developer: Learn C++ and Make Video Games,0,0,1,0,0,0,0,0,0,0,0,0
843,Cloud Computing Internships | Microsoft Azure Cloud ... - Verzeo,0,0,0,0,0,0,1,0,0,0,0,0
844,PubliC Workshop - Evolving Role of Artificial Intelligence in radiological imaging,0,0,0,0,0,0,0,0,0,0,0,1
845,Top 5 Free C++ Courses to Learn Programming in 2019 ,0,0,1,0,0,0,0,0,0,0,0,0
846,Web Development internship,0,0,0,0,0,0,1,0,0,0,0,0
847,Trainings by Real Time Experts on microsoft Azure,0,0,0,0,0,0,0,0,0,1,0,0
848,29th career fair 2020,0,0,0,1,0,0,0,0,0,0,0,0
849,Tableau Conference 2019,0,0,0,1,0,0,0,0,0,0,0,0
850,Oracle Certifications is here!!!,1,0,0,0,0,0,0,0,0,0,0,0
851,work on live projects in Machine Learning & AI Foundations,0,0,0,0,0,0,1,0,0,0,0,0
852,Amway India Enterprises Pvt Ltd is hiring Associate Manager - Process Development,0,0,0,0,0,0,0,1,0,0,0,0
853,summer internships 2020 - 6 Weeks Online InternshipÃ¢â¬Å½,0,0,0,0,0,0,1,0,0,0,0,0
854,Fareportal Hire-A-Thon 2.0,0,0,0,0,0,1,0,0,0,0,0,0
855,Scholarship test for cs students,0,1,0,0,0,0,0,0,0,0,0,0
856,Exciting challenges for hackers,0,1,0,0,0,0,0,0,0,0,0,0
857,"Security Guard Trainings Programs, Classes and Requirements",0,0,0,0,0,0,0,0,0,1,0,0
858,TiE Pune Session on- Njurturing The Future,0,0,0,0,0,0,0,0,0,0,1,0
859,Webtrackker Review talks,0,0,0,0,0,0,0,0,1,0,0,0
860,Trainings  | Grow Your Management Skills | Udemy?,0,0,0,0,0,0,0,0,0,1,0,0
861,GlobalLogiC30 Hacks,0,0,0,0,0,1,0,0,0,0,0,0
862,Location Service Campus Hackathons,0,0,0,0,0,1,0,0,0,0,0,0
863,Register for ACM India Student Webinar on 2 June with Sridhar Chimalakonda: ?What Is Software Engineering Anyway??,0,0,0,0,0,0,0,0,0,0,1,0
864,HARMAN HIRING FOR PYTHON DEVELOPER (MAX 30 DAYS JOINERS),0,0,0,0,0,0,0,1,0,0,0,0
865,"Webinar on ""How to Launch a Central Bank Digital Currency on the Ethereum Blockchain""",0,0,0,0,0,0,0,0,0,0,1,0
866,ACCELERATE YOUR CAREER WITH ANGULARJS Trainings AT MINDMAJIX ,0,0,0,0,0,0,0,0,0,1,0,0
867,Career Education and Settlement immigrant and fair,0,0,0,1,0,0,0,0,0,0,0,0
868,hiring for IoT enthusiasts,0,0,0,0,0,0,0,1,0,0,0,0
869,3 days to go for Hackwithinfy contest ,0,1,0,0,0,0,0,0,0,0,0,0
870,AI & Smart Home Expo Osaka,0,0,0,1,0,0,0,0,0,0,0,0
871,Cyber Security Internship In India | Summer Internships | Verzeo,0,0,0,0,0,0,1,0,0,0,0,0
872,IEEE ComSoC Webinar: 5G's Role in the Internet of ThingsÃÂ -,0,0,0,0,0,0,0,0,0,0,1,0
873,Cloud & DevOps World 2020,0,0,0,1,0,0,0,0,0,0,0,0
874,Dream to be a Sr. Data Analyst? Axim Technologies is hiring now,0,0,0,0,0,0,0,1,0,0,0,0
875,Invitation to participate in Scilab ToolboxÃÂ Hackathons,0,0,0,0,0,1,0,0,0,0,0,0
876,Urgent Opening Job offers for Web Developer || IT Company || Hinjewadi Pune,0,0,0,0,0,0,0,1,0,0,0,0
877,IoT Trainings | Learn IoT | IoT Trainings Online | Internshala,0,0,0,0,0,0,0,0,0,1,0,0
878,Tableau Conference 2019,0,0,0,1,0,0,0,0,0,0,0,0
879,Careerera is hiring  Information Security Specialist with elevant qualifications and a work experience of at least 2 years.,0,0,0,0,0,0,0,1,0,0,0,0
880,Microcontroller Embedded CProgramming: absolute beginners courses,0,0,1,0,0,0,0,0,0,0,0,0
881,Embedded Systems and IoT internship : iobot Technologies Private Limited,0,0,0,0,0,0,1,0,0,0,0,0
882,BankBazaar's Coding Samurai,0,0,0,0,0,1,0,0,0,0,0,0
883,IEEE IoT Webinar: Integrating the IoT and Cultural Heritage in the Smart City,0,0,0,0,0,0,0,0,0,0,1,0
884,codefest 2020,0,0,0,0,1,0,0,0,0,0,0,0
885,Hurry! 2 days to go before the registrations for HackWithInfy 2020 closes!,0,0,0,0,0,1,0,0,0,0,0,0
886,HvaCglobal innovation challenge ,0,1,0,0,0,0,0,0,0,0,0,0
887,2 day workshop on cyberSecurity,0,0,0,0,0,0,0,0,0,0,0,1
888,"VIP Reminder: July 8 Webinar with Author and Python's Pandas Creator Wes McKinney: ""Apache Arrow and the Future of Data Frames""",0,0,0,0,0,0,0,0,0,0,1,0
889,The Complete Networking Fundamentals Course. Your CCNA start Certifications from udemy,1,0,0,0,0,0,0,0,0,0,0,0
890,Cloud Computing Architecture Internship : Maxgen Technologies,0,0,0,0,0,0,1,0,0,0,0,0
891,Learn IT: Software development - Reference from WhatIs.com,0,0,1,0,0,0,0,0,0,0,0,0
892,Job Alert : Front-End Engineer - React.js/Javascript,0,0,0,0,0,0,0,1,0,0,0,0
893,"Register For Siebel CRM Free Live Webinar On 5th July, 7:00 PM (IST) ",0,0,0,0,0,0,0,0,0,0,1,0
894,India's first virtual EDM festival is here,0,0,0,0,1,0,0,0,0,0,0,0
895,10 Reasons to learn on Microsoft Dynamics 365,0,0,1,0,0,0,0,0,0,0,0,0
896,"The Cand C++ competition, contest and challenge around the  world",0,1,0,0,0,0,0,0,0,0,0,0
897,Mood Indigo is the Largest College Festival in Asia,0,0,0,0,1,0,0,0,0,0,0,0
898,Python Ã¢â¬â IOT Workshop (Phase 1),0,0,0,0,0,0,0,0,0,0,0,1
899,"VIP Reminder: July 24 Talk with Facebook AI Researcher Cristian Canton: ""Abuses and Misuses of AI: Prevention vs. Reactio",0,0,0,0,0,0,0,0,1,0,0,0
900,Get Started with Python Programming,0,0,1,0,0,0,0,0,0,0,0,0
901,UiPath Challenge- Code Your Way In,0,1,0,0,0,0,0,0,0,0,0,0
902,CPP Practice Exam: C++ Certified Professional Programmer,1,0,0,0,0,0,0,0,0,0,0,0
903,Become part of talk on Big Data & Hadoop,0,0,0,0,0,0,0,0,1,0,0,0
904,Website designing company in delhi -Intternship,0,0,0,0,0,0,0,1,0,0,0,0
905,ATOCONN SYSTEM LABS PRIVATE LIMITED is looking for: Software Developer Job,0,0,0,0,0,0,0,1,0,0,0,0
906,Annual Diversity Employment Day Career Fair and Roundtables,0,0,0,1,0,0,0,0,0,0,0,0
907,Coding Trainings Recommendations - Code Conquest,0,0,0,0,0,0,0,0,0,1,0,0
908,Code heist Hackathons 2020 from codechef will begin from august,0,0,0,0,0,1,0,0,0,0,0,0
909,Professional Certifications in cloud computing,1,0,0,0,0,0,0,0,0,0,0,0
910,"ÃÂ Programming Foundations Trainings with JavaScript, HTML and CSS by Duke UniversityÃÂ ",0,0,0,0,0,0,0,0,0,1,0,0
911,"Talk with HCI Pioneer Joseph A. Konstan, ""Recommender Systems: Beyond Machine Learning""",0,0,0,0,0,0,0,0,1,0,0,0
912,"Workshop on IoT, Applications using Arduino BY Amrita Vishwa",0,0,0,0,0,0,0,0,0,0,0,1
913,AWS Networking in depth: Learn practically in 7 hours,0,0,1,0,0,0,0,0,0,0,0,0
914,AWS Trainings in Ahmadabad ,0,0,0,0,0,0,0,0,0,1,0,0
915,Fireside Summit 2019,0,0,0,1,0,0,0,0,0,0,0,0
916,The AI Challenge - Student - Agorize,0,1,0,0,0,0,0,0,0,0,0,0
917,Top 4 firms now hiring for technical positions in India,0,0,0,0,0,0,0,1,0,0,0,0
918,Tutorial on The Five Phases of Ethical Hacking,0,0,1,0,0,0,0,0,0,0,0,0
919,Become a cisco certified in networking,1,0,0,0,0,0,0,0,0,0,0,0
920,Webinar on October 2019:ÃÂ Leadership Agility for Modern Organizations and managementÃÂ with David Dame,0,0,0,0,0,0,0,0,0,0,1,0
921,DevOps Foundations: Lean and Agile roles to work,0,0,0,0,0,0,0,1,0,0,0,0
922,Goldman Sachs Internship India Application Form | Apply Online for Python Development,0,0,0,0,0,0,1,0,0,0,0,0
923,Top Enterprise Architect CertificationsÃÂ ,1,0,0,0,0,0,0,0,0,0,0,0
924,DataHack & DSAT contest,0,1,0,0,0,0,0,0,0,0,0,0
925,"Working opportunity with Walls, Floors, and Roofs in Autodesk Revit",0,0,0,0,0,0,1,0,0,0,0,0
926,Creative Writing Competitions 2020 ,0,1,0,0,0,0,0,0,0,0,0,0
927,"The NEW CompTIA Network+ ""007"" Certifications",1,0,0,0,0,0,0,0,0,0,0,0
928,Expert lecture on GATE exam preparation,0,0,0,0,0,0,0,0,1,0,0,0
929,The great India Education fair,0,0,0,1,0,0,0,0,0,0,0,0
930,"MNNIT Allahabad proudly presents to you the second edition of our annual Hackathons, Hack36. ",0,0,0,0,0,1,0,0,0,0,0,0
931,WEBINAR: FUNDAMENTALS OF SOFTWARE ARCHITECTURE,0,0,0,0,0,0,0,0,0,0,1,0
932,6 Month Web Development Internship - Corporate School,0,0,0,0,0,0,1,0,0,0,0,0
933,Penetrating Networks for CompTIA PenTest+ webinar,0,0,0,0,0,0,0,0,0,0,1,0
934,Epicurean Enterprises Pvt Ltd is looking for: Fresher software testing Engineer Job,0,0,0,0,0,0,0,1,0,0,0,0
935,PMI Risk Management Professional (PMI-RMP) Certifications,1,0,0,0,0,0,0,0,0,0,0,0
936, talk on Data Warehousing and Analytics in  Microsoft Azure,0,0,0,0,0,0,0,0,1,0,0,0
937,Hacking Workshop Ã¢â¬ÅAnshathonÃ¢â¬Â,0,0,0,0,0,0,0,0,0,0,0,1
938,Diversity Abroad Annual Conference,0,0,0,0,0,0,0,0,0,0,0,1
939,Get Certifications on Agile Crash Course: Agile Project Management; Agile Delivery,1,0,0,0,0,0,0,0,0,0,0,0
940,The International Obfuscated CCode Contest,0,1,0,0,0,0,0,0,0,0,0,0
941,JS1k - The JavaScript code golfing competition,0,1,0,0,0,0,0,0,0,0,0,0
942,Learn Best AWS Trainings in Chennai ,0,0,0,0,0,0,0,0,0,1,0,0
943,Mindmajix offers Confluence Trainings and Certifications ,0,0,0,0,0,0,0,0,0,1,0,0
944,Java Development Internship In Jodhpur Pune At Chirpn It Solutions,0,0,0,0,0,0,1,0,0,0,0,0
945,Attend The Virtual Session On Aritficial Intelligence,0,0,0,0,0,0,0,0,0,0,1,0
946,"Webinar on""The Future of Management: Agile Leadership and Management 3.0""",0,0,0,0,0,0,0,0,0,0,1,0
947,"April 27 ACM SIGSOFT Learning Webinar with Jeff Sutherland and Ivar Jacobson: ""A Better Scrum with Essence""",0,0,0,0,0,0,0,0,0,0,1,0
948,Blog writing contest: Exciting New cash prize,0,1,0,0,0,0,0,0,0,0,0,0
949,Web Development: PHP & MySQL Workshop for Engineers,0,0,0,0,0,0,0,0,0,0,0,1
950,Management  Workshops and Seminars: Helping You Grow Your Business by Becoming a Better.,0,0,0,0,0,0,0,0,0,0,0,1
951,ASSIST Java Contest | ASSIST Software Romania,0,1,0,0,0,0,0,0,0,0,0,0
952,Agile Crash Course: Agile Project Management; Agile Delivery,0,0,1,0,0,0,0,0,0,0,0,0
953,C++ Programming Bootcamp - Learn Complete C++ From 0 to 100,0,0,0,0,0,0,0,0,0,1,0,0
954,AI for Good Idea Challenge Ã¢â¬â AI labs - Microsoft,0,1,0,0,0,0,0,0,0,0,0,0
955,IIT Roorkee launches online summer Trainings program on Data Science,0,0,0,0,0,0,0,0,0,1,0,0
956,Alibaba Cloud India Hackathons,0,0,0,0,0,1,0,0,0,0,0,0
957,CInternship - CProgramming Internship - By 10 Microsoft ,0,0,0,0,0,0,1,0,0,0,0,0
958,Cognizant Azure Hackathons,0,0,0,0,0,1,0,0,0,0,0,0
959,AWS Trainings in Bangalore ,0,0,0,0,0,0,0,0,0,1,0,0
960,"National Webinar on ""Unlock India-A Management Prespective""",0,0,0,0,0,0,0,0,0,0,1,0
961,TechnoXian EduTech Expo,0,0,0,1,0,0,0,0,0,0,0,0
962,500 Hour Yoga Teacher Trainings Certifications Program in India ,0,0,0,0,0,0,0,0,0,1,0,0
963,"Reminder to Register for ACM India Industry Webinar on 14 December with Sriram Rajamani: ""Program Synthesis Meets Machine Learning""",0,0,0,0,0,0,0,0,0,0,1,0
964,Zinier Technologies is hiring  Technical Lead - Frontend Development - Javascript/ AngularJS,0,0,0,0,0,0,0,1,0,0,0,0
965,Google Applied CS: Android Development using data structure expo,0,0,0,1,0,0,0,0,0,0,0,0
966,Management Skills for New Managers | MCE Trainings ,0,0,0,0,0,0,0,0,0,1,0,0
967,"Exodia ,annual techno-cultural fest of Indian Institute of Technology Mand  is back with interesting events",0,0,0,0,1,0,0,0,0,0,0,0
968,Check Out Top Companies Hiring Now! on firstnaukari,0,0,0,0,0,0,0,1,0,0,0,0
969,hear experts talk on How Big Data is Driving Business Transformation,0,0,0,0,0,0,0,0,1,0,0,0
970,"February 5 Talk on Reliability Engineering and Incident Response with Author Lorin Hochsteinoshi: ""Fairness in Machine Learning""",0,0,0,0,0,0,0,0,1,0,0,0
971,Hear from experts When to go for study abroad: Spring or Fall?,0,0,0,0,0,0,0,0,1,0,0,0
972,Machine Learning Internship:FOXARCO ,0,0,0,0,0,0,1,0,0,0,0,0
973,Google Developer Skills & Web Development Trainings.,0,0,0,0,0,0,0,0,0,1,0,0
974,Financial Management Internship Program - gov.occ.careers,0,0,0,0,0,0,1,0,0,0,0,0
975,Alexa Skill Pro Challenge,0,0,0,0,0,1,0,0,0,0,0,0
976,Student Contact Alert - Adobe CoDiva - International Women's Day Hackathons 2020 || Register now,0,0,0,0,0,1,0,0,0,0,0,0
977,Register now - Accenture Hack Diva 2020- Hackathons for Women in Engineering,0,0,0,0,0,1,0,0,0,0,0,0
978,Gandharva 2021!!!- A Cultural Festival with new Events,0,0,0,0,1,0,0,0,0,0,0,0
979,Hour Of Code Challenge,0,0,0,0,0,1,0,0,0,0,0,0
980,PMP Project Management Professional Certifications,1,0,0,0,0,0,0,0,0,0,0,0
981,Financial Workshops for your Employees - FinMarie,0,0,0,0,0,0,0,0,0,0,0,1
982,"Get certificate on ""Embedded Software and Hardware Architecture"" from coursera",1,0,0,0,0,0,0,0,0,0,0,0
983,Opportunity to interact with indusrtry experts on job openings ,0,0,0,0,0,0,0,1,0,0,0,0
984,Competition and Finance | Cato Institute,0,1,0,0,0,0,0,0,0,0,0,0
985,Alibaba Cloud Shapeup the eCommerce with Technology Competitions,0,1,0,0,0,0,0,0,0,0,0,0
986,Biggest IoT Competitions in India - Engineering,0,1,0,0,0,0,0,0,0,0,0,0
987,ÃÂ American Management Association :Certificate in Analytical Skills,1,0,0,0,0,0,0,0,0,0,0,0
988,Bizops Engineer Jobs ,0,0,0,0,0,0,0,1,0,0,0,0
989,Webinar on IOT applications in Industry 4.0,0,0,0,0,0,0,0,0,0,0,1,0
990,ÃÂ Elevate Tech Festival 2020,0,0,0,0,1,0,0,0,0,0,0,0
991,TechExpo,0,0,0,1,0,0,0,0,0,0,0,0
992,Alibaba Cloud India Hackathons,0,0,0,0,0,1,0,0,0,0,0,0
993,Contribute for this awesome IT fest,0,0,0,0,1,0,0,0,0,0,0,0
994,VIP Reminder:  Webinar on Machine Learning and Decision-Making with ACM Fellow Michael I. Jordan,0,0,0,0,0,0,0,0,0,0,1,0
995,"Talk with Author and Python's Pandas Creator Wes McKinney: ""Apache Arrow and the Future of Data Frames""",0,0,0,0,0,0,0,0,1,0,0,0
996,National Workshop On Nanotechnology & Embedded SystemsÃÂ ,0,0,0,0,0,0,0,0,0,0,0,1
997,Google Ads 2020: How our clients have transformed their sales using Google Ads & get your Google Ads Certifications!,1,0,0,0,0,0,0,0,0,0,0,0
998,Only 1 day to go! Register for HackWithInfy 2020 TODAY!,0,0,0,0,0,1,0,0,0,0,0,0
999,India International Hospitality expo 2020,0,0,0,1,0,0,0,0,0,0,0,0
1000,Online Financial Modelling - Online Certifications programÃ¢â¬Å½,1,0,0,0,0,0,0,0,0,0,0,0
1001,RGUKT Ã¢â¬â Techno Management Cultural Fest Ã¢â¬â Abhiyanth Ã¢â¬â 2019,0,0,0,0,1,0,0,0,0,0,0,0
1002,HackWithInfy 2020 Registrations: Deadline Extended!,0,0,0,0,0,1,0,0,0,0,0,0
1003,Boost your skills by this course,0,0,1,0,0,0,0,0,0,0,0,0
1004,DecOps Hackathons,0,0,0,0,0,1,0,0,0,0,0,0
1005,Honeywell CODE2HON,0,0,0,0,0,1,0,0,0,0,0,0
1006,"Get Certifications on ""Blockchain A-ZÃ¢âÂ¢: Learn How To Build Your First Blockchain""",1,0,0,0,0,0,0,0,0,0,0,0
1007,Free webinar: Getting started with C++ in embedded systems,0,0,0,0,0,0,0,0,0,0,1,0
1008,BEST SAP COURSE IN COIMBATORE ,0,0,1,0,0,0,0,0,0,0,0,0
1009, ACM SIGSOFT Learning Webinar with Mathieu Nayrolles: Automated Debug & Profiling of AAA Games,0,0,0,0,0,0,0,0,0,0,1,0
1010,Live session on 3D Printing Hardware By University Of Illionis,0,0,0,0,0,0,0,0,0,0,1,0
1011,A special lecture titled Ã¢â¬ËTechnology Careers in a Hyperconnected WorldÃ¢â¬â¢ by Mr. K. Ananth Krishnan,0,0,0,0,0,0,0,0,1,0,0,0
1012,TECHCON 2,0,0,0,0,0,1,0,0,0,0,0,0
1013,Spectrum 2018 with exiciting events is on fire!!!,0,0,0,0,1,0,0,0,0,0,0,0
1014,Trishul'20 ,0,0,0,0,1,0,0,0,0,0,0,0
1015,"Webinar on ""What Does the Future Hold for Cloud Computing?'",0,0,0,0,0,0,0,0,0,0,1,0
1016,Coding Trainings - Kick-Start Your Career Today?,0,0,0,0,0,0,0,0,0,1,0,0
1017,Webinar On Updates About Current COVID-19 Situation And UK Universities September 2020 Intake,0,0,0,0,0,0,0,0,0,0,1,0
1018,Python International Competition - Foshay Tech Academy,0,1,0,0,0,0,0,0,0,0,0,0
1019,most common discussion onWhy Citrix ADCis Important for IT Organizations & Professionals in the Hybrid and Multi-cloud World?,0,0,0,0,0,0,0,0,1,0,0,0
1020,Competitive Programming| Coding Competition on techgig,0,1,0,0,0,0,0,0,0,0,0,0
1021,Learn How To Build An AI with Certifications from udemy ,1,0,0,0,0,0,0,0,0,0,0,0
1022,LoweÃ¢â¬â¢s Campus Hackathons,0,0,0,0,0,1,0,0,0,0,0,0
1023,Compete in innovation challenge with great ideas,0,1,0,0,0,0,0,0,0,0,0,0
1024,JAVA - Core & Advanced Workshop - 5 Days | Innovians,0,0,0,0,0,0,0,0,0,0,0,1
1025,RPA Trainings online at Tekslate ,0,0,0,0,0,0,0,0,0,1,0,0
1026,Hardware Model Checking Competition 2019 - JKU,0,1,0,0,0,0,0,0,0,0,0,0
1027,"Talk by Dr S.K. Saha, Professor, IIT Delhi On ""Robotics And Its Compietions Based On Education""",0,0,0,0,0,0,0,0,1,0,0,0
1028,Free Online Software Development Courses,0,0,1,0,0,0,0,0,0,0,0,0
1029,The Software Development Process - The Complete Course along with certifcation,1,0,0,0,0,0,0,0,0,0,0,0
1030,Certified Associate in Project Management (CAPM),1,0,0,0,0,0,0,0,0,0,0,0
1031,3 days workshop on  Power BI: Data Analysis Made Easy,0,0,0,0,0,0,0,0,0,0,0,1
1032,Beginning C++ Programming - From Beginner to Beyond,0,0,1,0,0,0,0,0,0,0,0,0
1033,Free demo on SSRS course ,0,0,1,0,0,0,0,0,0,0,0,0
1034,Talk on Tips and Tricks to Build Effective Dashboards with Tableau Desktop,0,0,0,0,0,0,0,0,1,0,0,0
1035,Study Medicine in UK - Live Talk with UClan starting in 30 minutes,0,0,0,0,0,0,0,0,1,0,0,0
1036,JavaScript For Beginners - Learn JavaScript From Scratch,0,0,1,0,0,0,0,0,0,0,0,0
1037,"Webinar on ""Start A University Of Arizona Master's Degree From Wherever You Are""",0,0,0,0,0,0,0,0,0,0,1,0
1038,5 days Live Workshop for CProgramming Basics! 3 days to go!,0,0,0,0,0,0,0,0,0,0,0,1
1039,The Expert Coder - Python,0,0,0,0,0,1,0,0,0,0,0,0
1040,Live Demo Lecture On Digital Marketing,0,0,0,0,0,0,0,0,1,0,0,0
1041,Atos Expert talk - Change Management & Augmented Reality,0,0,0,0,0,0,0,0,1,0,0,0
1042,Python Workshops | python.fossee.in,0,0,0,0,0,0,0,0,0,0,0,1
1043,Selenium Trainings using C++,0,0,0,0,0,0,0,0,0,1,0,0
1044,Free Workshop on Data Structure using Clanguage,0,0,0,0,0,0,0,0,0,0,0,1
1045,Webinar on ÃÂ ES6 Javascript: The Complete DeveloperÃ¢â¬â¢s GuideÃÂ ,0,0,0,0,0,0,0,0,0,0,1,0
1046,"Knocktober Ã¢â¬â Machine learning Competition, 21st Oct, Analytics Vidhya",0,1,0,0,0,0,0,0,0,0,0,0
1047,CPA Ã¢â¬â C++ Certified Associate Programmer Certifications,1,0,0,0,0,0,0,0,0,0,0,0
1048,Python Trainings internship Jobs | Glassdoor.co.in,0,0,0,0,0,0,1,0,0,0,0,0
1049,"""Industrial IoT on Google Cloud Platform"" and get Certifications from coursera",1,0,0,0,0,0,0,0,0,0,0,0
1050,Ã¢â¬ÅPremier Youth FestivalÃ¢â¬Â 2020,0,0,0,0,1,0,0,0,0,0,0,0
1051,"Job Opening for UI DEVELOPER (JAVASCRIPT, HTML5, CSS3, SASS) at SOTI at gurgaon",0,0,0,0,0,0,0,1,0,0,0,0
1052,IoT Workshop - 5 Day - Innovians Technologies,0,0,0,0,0,0,0,0,0,0,0,1
1053,Systems Analyst - IT Jobs ,0,0,0,0,0,0,0,1,0,0,0,0
1054,Engineering Students: Web Development -Work from Home internship during Corona lockdownÃÂ ,0,0,0,0,0,0,1,0,0,0,0,0
1055,The New Role-Based Microsoft Azure Certifications Paths ,1,0,0,0,0,0,0,0,0,0,0,0
1056,International Data Analysis Olympiad competition,0,1,0,0,0,0,0,0,0,0,0,0
1057,PubmatiCCode Storm hakathon,0,0,0,0,0,1,0,0,0,0,0,0
1058,"Google's Coding Competitions - Code Jam, Hash Code ",0,1,0,0,0,0,0,0,0,0,0,0
1059,A Certified Workshop on Java with Spring Boot Framework in Ahmedabad,0,0,0,0,0,0,0,0,0,0,0,1
1060,DevOps Hackathons,0,0,0,0,0,1,0,0,0,0,0,0
1061,10 Days drone internship ,0,0,0,0,0,0,1,0,0,0,0,0
1062,April 30 Talk on Responsible Data Use with ACM Fellow Jeannette Wing,0,0,0,0,0,0,0,0,1,0,0,0
1063,Microsoft Azure Hackathons is about to start .Please register,0,0,0,0,0,1,0,0,0,0,0,0
1064,Winter Python Hackathons is live now,0,0,0,0,0,1,0,0,0,0,0,0
1065,Spring cloud Trainings- Free demo ,0,0,0,0,0,0,0,0,0,1,0,0
1066,Want to be Machine Learning Scientist?CAREER MAKERS is hiring for the position,0,0,0,0,0,0,0,1,0,0,0,0
1067,Accelerate your career with Netsuite  Trainings ,0,0,0,0,0,0,0,0,0,1,0,0
1068,Participate in CODE4HealthAsyst ,0,0,0,0,0,1,0,0,0,0,0,0
1069,"Get ""IBM Applied AI Professional Certifications "" from coursera",1,0,0,0,0,0,0,0,0,0,0,0
1070,Inspirational And Leadership Webinar,0,0,0,0,0,0,0,0,0,0,1,0
1071,Logic  C Development classes!join today,0,0,1,0,0,0,0,0,0,0,0,0
1072,ÃÂ The Complete Management Skills Course,0,0,1,0,0,0,0,0,0,0,0,0
1073,Learn Basics of IOS (Swift) in one week,0,0,1,0,0,0,0,0,0,0,0,0
1074,Cyber Security & Ethical hacking Internship In Kerala,0,0,0,0,0,0,1,0,0,0,0,0
1075,Facebook hackercup 2020 is live now,0,0,0,0,0,1,0,0,0,0,0,0
1076,"The first edition  of technology festival of IIT DHARWAD,ParseC2020 is back now",0,0,0,0,1,0,0,0,0,0,0,0
1077,Widen your career opportunities with ReactJS Trainings ,0,0,0,0,0,0,0,0,0,1,0,0
1078,Aayam the annual tech fest by NIT Agartala,0,0,0,0,1,0,0,0,0,0,0,0
1079,Coding Workshop,0,0,0,0,0,0,0,0,0,0,0,1
1080,Free Workshop on Data Structure using Clanguage,0,0,0,0,0,0,0,0,0,0,0,1
1081,A Webinar On Spot Decision - Yocket,0,0,0,0,0,0,0,0,0,0,1,0
1082,IIT Bhilai is organizing Meraz-their techno festival .Register now,0,0,0,0,1,0,0,0,0,0,0,0
1083,3 days hands on session forEmbedded Hardware and Operating Systems By EIT Digital ,0,0,0,0,0,0,0,0,0,0,0,1
1084,"  get Certifications on ""Advanced CProgramming: Pointers"" till 23rd july",1,0,0,0,0,0,0,0,0,0,0,0
1085,Internship program with free Trainings,0,0,0,0,0,0,1,0,0,0,0,0
1086,Free Online Webinar On Machine Learning,0,0,0,0,0,0,0,0,0,0,1,0
1087,Python Workshop: Introduction and Beyond (2-Day Workshop),0,0,0,0,0,0,0,0,0,0,0,1
1088,Cyber Security Conference India 2019,0,0,0,1,0,0,0,0,0,0,0,0
1089,Mahiyoo Technologies and Consulting is hiring for  Python Django Full Stack Developer Freelance,0,0,0,0,0,0,0,1,0,0,0,0
1090,Online Big Data Trainings ,0,0,0,0,0,0,0,0,0,1,0,0
1091,Live Webinar with JetBrains: Software Architecture as Code,0,0,0,0,0,0,0,0,0,0,1,0
1092,Techexpo at IIIT delhi,0,0,0,1,0,0,0,0,0,0,0,0
1093,"International Exhibition of Electronic, Computer & E - Commerce",0,0,0,1,0,0,0,0,0,0,0,0
1094,TechExpo 2020 ,0,0,0,1,0,0,0,0,0,0,0,0
1095,Hardware Internship in chennai ,0,0,0,0,0,0,1,0,0,0,0,0
1096,Hackathons codequest 2020 to be live next month,0,0,0,0,0,1,0,0,0,0,0,0
1097,C++ Trainings  for free,0,0,0,0,0,0,0,0,0,1,0,0
1098,Join Free demo on java scripting Trainings ,0,0,0,0,0,0,0,0,0,1,0,0
1099,HOTWAX Industrial expo,0,0,0,1,0,0,0,0,0,0,0,0
1100,ACM Chapter Event: TWO DAY VIRTUAL WORKSHOP ON LATEX,0,0,0,0,0,0,0,0,0,0,0,1
1101,NAFSA Annual Conference & Expo,0,0,0,0,0,0,0,0,0,0,0,1
1102,"Programming Competition,Programming Contest online on codechef",0,1,0,0,0,0,0,0,0,0,0,0
1103,Valence Health is hiring Finance Coordinator ,0,0,0,0,0,0,0,1,0,0,0,0
1104,"ACM India Industry Webinar, Sat DeC1 at 11am IST with Dr. Pandurang Kamat: ""Blockchain in the Enterprise - Creating Value Beyond the Hype",0,0,0,0,0,0,0,0,0,0,1,0
1105,Avishkar is back with interesting events,0,0,0,0,1,0,0,0,0,0,0,0
1106,work live on Google Cloud Fundamentals: Core Infrastructure,0,0,0,0,0,0,1,0,0,0,0,0
1107,Impact of COVID-19 on mid-management job seeker -Register now!,0,0,0,0,0,0,0,1,0,0,0,0
1108,Learn How to Deploy Microsoft SQL in the Cloud,0,0,1,0,0,0,0,0,0,0,0,0
1109,National Facilities Management & Technology Conference & Expo,0,0,0,1,0,0,0,0,0,0,0,0
1110,Avishkar  the annual tech fest by NIT Allahabed is fild with excitting events,0,0,0,0,1,0,0,0,0,0,0,0
1111,Webinar with Hack Reactor San Jose Coding Power Hour [Live-Online],0,0,0,0,0,0,0,0,0,0,1,0
1112,"Job seekers like you are taking the courses like C++,C",0,0,0,0,0,0,0,1,0,0,0,0
1113,Best IoT Course ,0,0,1,0,0,0,0,0,0,0,0,0
1114,"Master Angular 10 (formerly ""Angular 2"") and build awesome, reactive web apps with the successor of Angular.js from udemy with Certifications",1,0,0,0,0,0,0,0,0,0,0,0
1115,"IBM, Accenture, and Other hiring software developers and big data engineers",0,0,0,0,0,0,0,1,0,0,0,0
1116, internship on  Blockchain with experts,0,0,0,0,0,0,1,0,0,0,0,0
1117,"Webinar on 'Application of AI, ML in Core Engineering' - 25th June 2020 at 4PM",0,0,0,0,0,0,0,0,0,0,1,0
1118,Tampa Veterans Career Fair,0,0,0,1,0,0,0,0,0,0,0,0
1119,Project Management Certificate (PMC),1,0,0,0,0,0,0,0,0,0,0,0
1120,Hurry up! Get registered for ethical hacking course,0,0,1,0,0,0,0,0,0,0,0,0
1121,"Get an Certifications on""The Complete Financial Analyst Course 2020"" from udemy",1,0,0,0,0,0,0,0,0,0,0,0
1122,Top job roles and salaries for Artificial Intelligence engineers in India,0,0,0,0,0,0,0,1,0,0,0,0
1123, Webinar - Study in UAE,0,0,0,0,0,0,0,0,0,0,1,0
1124,Cloud Fest 2021 Hackathons on cloud computing is due next month,0,0,0,0,0,1,0,0,0,0,0,0
1125,"Hands-on Workshop On ""Python""",0,0,0,0,0,0,0,0,0,0,0,1
1126,Open Coding Round,0,1,0,0,0,0,0,0,0,0,0,0
1127,Java J2ee Online Trainings ,0,0,0,0,0,0,0,0,0,1,0,0
1128,"A speech on innovation by Dr. Mahesh Panchagnula, Professor of Applied Mechanics, IIT Madras",0,0,0,0,0,0,0,0,1,0,0,0
