Event ,Type1
Become ios certified for free,Certifications
Professional Certifications in cloud computing,Certifications
Online Certifications for free!!!,Certifications
Oracle Certifications is here!!!,Certifications
Apply for the trending Certifications of 2019,Certifications
Top IT Certifications are in your way,Certifications
Get certified from top institutes.,Certifications
Become google cloud certified in this lockdown,Certifications
Gain the Cloud Advantage: Level-up Your (or Your Teams') Skills with Microsoft Azure Role-Based Certifications,Certifications
Get Introduced to the Next-Level Cisco Certifications,Certifications
attend  Unveiling the Cisco Certifications Migration Tool,Certifications
donâ€™t miss session on What to Expect from the New PMP Certifications Exam in 2020?,Certifications
 Getting Started with New Microsoft Azure Apps & Infrastructure Certifications Roadmap,Certifications
presentation on How to Get Your Workforce Project Management (PMP) Certified in One Go?,Certifications
Boost Your Team's Knowledge with ITIL 4 Certifications,Certifications
The New Role-Based Microsoft Azure Certifications Paths ,Certifications
CISSP Certifications Prep: Security and Risk Management,Certifications
Get Your Head in the Cloud: The Growing Importance of Cloud Certifications,Certifications
"The NEW CompTIA Network+ ""007"" Certifications",Certifications
SuryaKranti Solar Challenge India Competitions,Competitions
Creative Writing Competitions 2020 ,Competitions
C++  Competitions,Competitions
Alibaba Cloud Shapeup the eCommerce with Technology Competitions,Competitions
McAfee Competitions - Code For McAfee,Competitions
Fivetran Competitions - Code your Way in,Competitions
Cohesity TopCoder Competitons,Competitions
IG PAN India Competitions,Competitions
Brillio Techraiders Competitions,Competitions
Alibaba Cloud Competitions C,Competitions
Open Competitions - Code Gladiators 2019,Competitions
ContiQuest - Quest for Tech Thirst Competitions,Competitions
Techquiz is live Competitions now!!!,Competitions
Can you solve this quiz on IOT,Competitions
participate in National skill test,Competitions
Creating Social Media content contest with exiting prizes,Competitions
Blog writing contest: Exciting New cash prize,Competitions
Quiz series on C++ fundamentals,Competitions
Exciting challenges for hackers,Competitions
Compete in innovation challenge with great ideas,Competitions
Code  Battle Begin !!!!,Competitions
Scholarship test for cs students,Competitions
challenges right from top MNCs,Competitions
showcase your cool projects in this project competetion,Competitions
Innovate in covid-19,Competitions
HvaCglobal innovation challenge ,Competitions
Nae disha dyankatta online competetion,Competitions
2020 international design competetion,Competitions
3 days to go for Hackwithinfy contest ,Competitions
get your brilliant ideas in this innovation challenge,Competitions
Participate in our latest Coding contest: 'Hack The Interview',Competitions
Participate in national coding test now!!!,Competitions
Web Vulnerability Assessment and Penetration Testing (CVPS) Course In GHaziabad Noida Delhi ,Courses
Free C language course ,Courses
Python 3 Complete Beginners Course 2020 ,Courses
 Javascript Online  Course - HKR ,Courses
Learn AWS Lambda Course from Experts ,Courses
Free demo on SSRS course ,Courses
Ethical hacking-(CEH) Course In GHaziabad Noida Delhi ,Courses
Information Security Specialist(CiSS v4) Course In GHaziabad Noida Delhi ,Courses
BEST SAP COURSE IN COIMBATORE ,Courses
Best IoT Course ,Courses
AWS Course in Pune ,Courses
Online classes on Android,Courses
Learn  Advanced Java for oracle ,Courses
Logic  C Development classes!join today,Courses
Great opportunity to learn AI,Courses
Trainings on Oracle Big Data,Trainings
Learn Basics of IOS (Swift) in one week,Courses
Learn Basics of Android,Courses
2020 July to DeCsemester - courses open for enrollment!,Courses
Hurry up! Get registered for ethical hacking course,Courses
Want to learn java? do take this course!,Courses
Free course on Machine learning.,Courses
One week course on IoT,Courses
10 days course on python.,Courses
Learn basics of networking.,Courses
Take the course of ML and upgrade your skills,Courses
Upgrade your skills with Big data course,Courses
Learn python for free,Courses
Boost your skills by this course,Courses
Free courses on data science,Courses
Become a cisco certified in networking,Certifications
Learn Citrix Workspace: How to Architecture Microapps,Courses
Learn Creating a Windows Virtual Machine in Microsoft Azure in 10 days,Courses
Learn How to Deploy Microsoft SQL in the Cloud,Courses
Upscale Your Adobe Photoshop Skills with New Artificial Intelligence Features,Courses
7 Citrix Secrets: How to Upskill Your Citrix Skills,Courses
Learn How to Build Step-by-Step ASP.NET Core App,Courses
10 Reasons to learn on Microsoft Dynamics 365,Courses
learn 7 Strategies for Achieving Customer Service Excellence,Courses
 Get Started with Microsoft 365 and be an expert ,Courses
Master the New Microsoft Azure Administrator Associate (AZ-103) Exam,Courses
Mastering Microsoft Teams - The Future of Teamwork,Courses
grab this chance to learn Cloud Computing Migration Plan: What You Must Know,Courses
Get Started with Python Programming,Courses
 Master Agile Scrum and its Benefits by this course,Courses
Tutorial on The Five Phases of Ethical Hacking,Courses
"tutorial on Numerical Programming: Understanding Python, Numpy & Matplotlib",Courses
TechExpo 2020 ,Expos
Google Applied CS: Android Development using data structure expo,Expos
HOTWAX Industrial expo,Expos
Kirloskar Industrial expo,Expos
techexpo on Ethical Hacking: Enumeration 2020,Expos
live expo on Microsoft Word Essentials: Tips and Tricks for Better Productivity,Expos
ASP.NET Functions on Microsoft Azure 2 days expo,Expos
Baoan Industry Development Expo,Expos
Internet of Things Expo (IOTx),Expos
AI Expo Africa,Expos
Industrial AI & IoT Expo,Expos
AI & Smart Home Expo Osaka,Expos
China International Smart Energy and Energy Data Center and Network Information Security Equipment Exhibition (SEDCISE),Expos
Artificial Intelligence Exhibition & Conference (AI EXPO),Expos
Industrial AI/IoT Expo,Expos
International Expo on Robotics Automation AI And Analytics (RobotAI Expo),Expos
Pakistan CIO Summit & Expo (PCSE),Expos
Middle East Cloud & Big Data Conference and Exhibition,Expos
Army Autonomy and Artificial Intelligence Symposium and Exposition (Army Autonomy and Artificial Intelligence Symposiu),Expos
Smart IoT Taiwan (SIoT),Expos
Accelerate AI Career Lab & Expo,Expos
"International Exhibition of Electronic, Computer & E - Commerce",Expos
Smart Home Expo (SHE),Expos
Hong Kong Education & Careers Expo,Expos
Tampa Veterans Career Fair,Expos
Liverpool Jobs Fair (Recruitment Event),Expos
Australia studies fair in your college!!!,Expos
Annual Diversity Employment Day Career Fair and Roundtables,Expos
Portland Veterans Career Fair,Expos
expo to the  Security Threats,Expos
INDIA INTERNATIONAL HOSPITALITY EXPO 2020 ,Expos
YouthFest is here!!!,Fests
Tech fest 2021 is here,Fests
Avishkar is here with full of new events,Fests
Biggest tech festival is coming back!!!,Fests
Contribute for this awesome IT fest,Fests
India's first virtual EDM festival is here,Fests
Techlligent 2020 is on!!!,Fests
Spectrum 2018 with exiciting events is on fire!!!,Fests
Kpit sparkle 2019 is back with innovative ideas!!!,Fests
The most awaited it festival is here,Fests
Avishkar is back with interesting events,Fests
INNOVISION 2020,Fests
codefest 2020,Fests
Smart city festival is awaiting!!,Fests
Trishul'20 ,Fests
Entrepreneurial Extravaganza festival,Fests
Technothlon 2020 ,Hackathons
Technothlon 2020 ,Hackathons
Techniche 20 ,Hackathons
UiPath Challenge- Code Your Way In,Competitions
CrowdStrike Hackathons - Every Second Counts,Hackathons
Loweâ€™s Campus Hackathons,Hackathons
Alibaba Cloud India Hackathons,Hackathons
AI/ML & Blockchain Hackathons,Hackathons
Register for CODE4AVAILITY,Hackathons
Location Services Campus Hackathons is live now!!!,Hackathons
Voice Based Payments Hackathons,Hackathons
DevOps Hackathons,Hackathons
The Expert Coder - Python,Hackathons
try for CAMPUS - CODE STACK19,Hackathons
NECOpen Innovation Hackathons,Hackathons
HERE-a-thon 1 is waiting for you!!,Hackathons
BMCSoftware Code Warriors,Hackathons
Cognizant Azure Hackathons,Hackathons
Participate in CODE4HealthAsyst ,Hackathons
CodeExpedition: DestinationExpedia,Hackathons
Prime Code Champ 7,Hackathons
Beginner Code Champ 7,Hackathons
HONCODE Challenge,Hackathons
Alexa Skill Pro Challenge,Hackathons
Informatica Code-a-Thon 2018,Hackathons
Honeywell CODE2HON,Hackathons
CODE4VFSGLOBAL,Hackathons
TECHCON 2,Hackathons
TechGig Hour of Code,Hackathons
MagicFiserv Hackathons (Code Challenge),Hackathons
CA Technologies Java Combat,Hackathons
Temenos Game of Codes,Hackathons
Hack4Her,Hackathons
Cybage Code Wars,Hackathons
Appathon Season 1,Hackathons
Fareportal Hire-A-Thon 2.0,Hackathons
Nucleus Software - HackBattle,Hackathons
CashKaro App-A-Thon,Hackathons
Amazon Code Combat,Hackathons
Mypoolin Code Contest,Hackathons
The Opus Code Rush 2016,Hackathons
Hour Of Code Challenge,Hackathons
BankBazaar's Coding Samurai,Hackathons
Roposo CodePlay Data Structures,Hackathons
Bengaluru -Internships by EISystems & IIT BHU Varanasi. ,Internships
10 Days drone internship ,Internships
Apply for the Machine learning internship!!,Internships
Looking for internship in blockchain !!!,Internships
Internship program with free Trainings,Internships
 internship on  Blockchain with experts,Internships
work on live projects -internship,Internships
Work on live projects with global parterns-internship,Internships
Internship Work from home at your pace!!,Internships
Apply For Internship to Contribute to these awesome live projects ,Internships
"Working opportunity with Walls, Floors, and Roofs in Autodesk Revit",Internships
internship program for  a Full-stack .NET Developer?,Internships
work live on Google Cloud Fundamentals: Core Infrastructure,Internships
work on live projects in Machine Learning & AI Foundations,Internships
internship opportunities in  Web Design: Wireframing,Internships
CodeSpeedy Technology Private Limited is looking for: MachineLearning with Python Internship.,Internships
"See more Technogeekscs - Big Data Hadoop, Cloud Computing,Data Science, Machine Learning Trainings Institute - Internship Program",Internships
Ansys is looking for: Software Development Intern.,Internships
All You Need is looking for: Digital Marketing Intern.,Internships
Architecting for Security on AWS internship for you,Internships
Website designing company in delhi -Intternship,Jobs
"UPCOMING JOBS IN INDIA: What should studentslearn now? an online session by Mr. Soumen Majumdar, Vice President -Corporate HR, Mahindra CIE Automotive Limited",Jobs
"Job seekers like you are taking the courses like C++,C",Jobs
Impact of COVID-19 on mid-management job seeker -Register now!,Jobs
JOB Opportunity- Pyhton JAVA,Jobs
Opportunity to interact with indusrtry experts on job openings ,Jobs
Attention jobseekers!!!Your wait is over,Jobs
great job opportunities for data scientists.,Jobs
need for a cloud professional job,Jobs
need for Microsoft Cloud Developer job,Jobs
Explore the Ways to Navigate Your Career in CyberSecurity Job,Jobs
Recruitment for CyberSecurity Analyst (CySA+): Threat Management,Jobs
recruitment for SQL Server 2017: Indexing for Higher Performance,Jobs
SQL Server 2017: Application Development Best Practices recruitment opportunities,Jobs
Big Data for Enterprise: Managing Data and Values jobs are awaiting,Jobs
DevOps Foundations: Lean and Agile roles to work,Jobs
Business Acumen for Project Managers roles are hiring ,Jobs
hiring for IoT enthusiasts,Jobs
Keeping up with Networking Series job roles,Jobs
5 emerging  job roles in  Big Data carrier,Jobs
5 Most In-Demand Cyber Security  job ,Jobs
Check Out Top Companies Hiring Now!,Jobs
Cracking Careers in Data Science Job,Jobs
Talk on Bag scholarships for studying abroad!,Talks
Master Class on Studying in the UAE is going *LIVE* in 10 minutes! Grab your seat,Talks
Hear from experts When to go for study abroad: Spring or Fall?,Talks
Live session on What is the cost of studying abroad?,Talks
IG LIVE talk on - University & Alumni Updates | Imperial,Talks
Expert lecture on GATE exam preparation,Talks
Confirm your Seat  for Webinar - Study in UAE,Talks
Study Medicine in UK - Live Talk with UClan starting in 30 minutes,Talks
Planning to give your GRE Exam soon?register for this talk ,Talks
Webtrackker Review talks,Talks
Talk on CYBER Security - Ethical Hacking ,Talks
Become part of talk on Big Data & Hadoop,Talks
"A speech on innovation by Dr. Mahesh Panchagnula, Professor of Applied Mechanics, IIT Madras",Talks
"A motivational speech by Dr. L.S. Ganesh, Professor of Management Studies, IIT Madras",Talks
Lecture on MANAGEMENT ETHOS â€“ ANCIENT INDIAN KNOWLEDGE PERSPECTIVE byÂ Prof. Rani Sadasiva MurtyÂ ,Talks
Colloquium talk on â€œCryptography and it Applications in Information and Cyber Securityâ€ by Dr. Vishal Sgaraswat.,Talks
"Talk on ""Cyber Security - Overview, Incidents Services, Risks in Evolving Technologies & Trends"" by Sachidananda S Javli, Director â€“ Cyber Security, PwCIndia.",Talks
"Talk on ""Cloud Computing and DevOps"" by Jitendra Thethi, AVP of Technology, Innovation at Aricent.",Talks
A special lecture titled â€˜Technology Careers in a Hyperconnected Worldâ€™ by Mr. K. Ananth Krishnan,Talks
Expert lecture on Analytics in the Cloud with Tableau on AWS,Talks
Live lecture on Why your Organization needs to Migrate on Microsoft Teams,Talks
Talk on Tips and Tricks to Build Effective Dashboards with Tableau Desktop,Talks
 talk on Data Warehousing and Analytics in  Microsoft Azure,Talks
trending disscussion on Why IT Professionals Must have Critical Thinking Skills for Better Productivity at Work?,Talks
most common discussion onWhy Citrix ADCis Important for IT Organizations & Professionals in the Hybrid and Multi-cloud World?,Talks
hear experts talk on How Big Data is Driving Business Transformation,Talks
Expert Lecture on IOT,Talks
Expert Lecture on Front End Technologies,Talks
Expert Lecture on IOT,Talks
Widen your career opportunities with ReactJS Trainings ,Trainings
Web Developer Trainings ,Trainings
VMware online Trainings ,Trainings
Video & Self Paced Online Trainings Program by IIT Bhu varanasi EI Systems ,Trainings
Video & Self Paced Online Trainings Program by IIT BHU Varanasi & EISystems ,Trainings
Unlock Secrets of Configuration Management With Microsoft SCCM Certifications Trainings ,Trainings
Unlock Secrets of CloudServices With AWS Trainings ,Trainings
TDPVista Trainings on Web Development ,Trainings
"Summer Trainings  Program in Bangalore by Innovians Technologies & E-Cell, IIT Roorkee ",Trainings
START YOUR CAREER WITH ANGULARJS Trainings AT MINDMAJIX ,Trainings
START YOUR CAREER WITH Javascript Trainings AT MINDMAJIX ,Trainings
Spring cloud Trainings- Free demo ,Trainings
Software Development Trainings ,Trainings
Skill up with Mindmajix's TensorFlow Trainings and bcome Job Ready ! ,Trainings
Servicenow Asset Management Trainings FREE Demo ,Trainings
Selenium with python Trainings ,Trainings
Selenium Trainings using C++,Trainings
RPA Online Certifications Trainings Demo ,Trainings
QlikView Certifications Trainings ,Trainings
Python Trainings ,Trainings
C++ Trainings  for free,Trainings
PowerShell Certifications Trainings By Real-Time Experts - Mindmajix ,Trainings
Online NLP Trainings Using Python ,Trainings
Online Live Trainings Program - Web Development  ,Trainings
Online Big Data Trainings ,Trainings
MongoDB Trainings - Free demo ,Trainings
Mindmajix Provides .NET Trainings Online with a FREE Demo ,Trainings
Mindmajix offers Confluence Trainings and Certifications ,Trainings
 Trainings Provided by Industry Experts on Microsoft azzure ,Trainings
Trainings by Real Time Experts on microsoft Azure,Trainings
Microsoft Azure and Web Services Online Trainings ,Trainings
Maven Trainings | Live Maven Certifications Trainng - HKR Trainingss ,Trainings
Linux Trainings In Hyderabad ,Trainings
Linux Security Fundamentals Trainings ,Trainings
Linux Online Trainings by Industry Experts ,Trainings
Linux Networking Trainings ,Trainings
Learn Best AWS Trainings in Chennai ,Trainings
Kubernetes Trainings ,Trainings
 AWS  online Trainings at Tekslate ,Trainings
Keras Trainings with Deep Learning ,Trainings
Join Free demo on java scripting Trainings ,Trainings
Join Free demo on Oracle Fusion Financials Trainings ,Trainings
IronPython Trainings at Mindmajix ,Trainings
RPA Trainings online at Tekslate ,Trainings
Dell Boomi online Trainings at Tekslate ,Trainings
devops online Trainings in Bangalore,Trainings
BUILD YOUR CAREER WITH ANGULARJS Trainings AT MINDMAJIX ,Trainings
Big Data Online Trainings ,Trainings
AWS Trainings in Bangalore ,Trainings
AWS Trainings in Ahmadabad ,Trainings
AWS Trainings in Bangalore ,Trainings
Attend Free Demo on RPA  Trainings ,Trainings
Attend a Free Demo on Oracle Fusion SCM Trainings ,Trainings
Appium Online Trainings with a FREE Demo ,Trainings
Apigee online Trainings ,Trainings
Alter your career oracle EBS Trainings ,Trainings
Ai & Deep Learning With Tensorflow Trainings - Free demo ,Trainings
Advance Your Career with Oracle SOA Trainings ,Trainings
Advace your career with sharepoint online Trainings ,Trainings
Adobe analytical Trainings - Free Demo ,Trainings
Accelerate your career with Netsuite  Trainings ,Trainings
ACCELERATE YOUR CAREER WITH ANGULARJS Trainings AT MINDMAJIX ,Trainings
500 Hour Yoga Teacher Trainings Certifications Program in India ,Trainings
Trainings on IOS with MaC,Trainings
"Register For Siebel CRM Free Live Webinar On 5th July, 7:00 PM (IST) ",Webinars
Free Live Webinar on Salesforce Admin - Learn Salesforce Admin in 60 Minutes ,Webinars
Free Live Webinar on Hyperion Financial Management,Webinars
Free Live Webinar on Catia - Learn Catia in 60 Minutes ,Webinars
Webinar on DigitalTransformation by Xpanxion on 23rd June '2020 at 3:30 pm,Webinars
"Webinar on 20 June with Lipika Dey:""Text Analytics for Health Care""",Webinars
"Webinar on 16 June with AbhiramRanade: ""Love CS, Learn CS!""",Webinars
Webinar on IOT applications in Industry 4.0,Webinars
Live Webinar with UClan starting in 30 minutes,Webinars
" Webinar on 9 June with AnuradhaLaxminarayan: ""7 Secrets about Programming that No Teacher/Book Ever ToldYou!""",Webinars
Webinar on Impact of COVID-19 on mid-management  -Register now!,Webinars
"Webinar on 2 June with SridharChimalakonda: ""What Is Software Engineering Anyway""?",Webinars
 Webinar - Study in UAE,Webinars
Exclusive Webinar on ?Best language for competitive programming ? Python?. Reserve your seat today!,Webinars
"Register for ACM India Industry Webinar 6 June with Chitra Lele:""Drug Development and Lifecycle Maintenance--What's It Got to Do withComputing?",Webinars
 Webinar on -Research Documentation tools - LyX andJabRef,Webinars
Join us for a Webinar Session on key takeaways from a Pre-placementtalk,Webinars
"ACM India Industry Webinar with Madhav Marathe, 25 April 2020",Webinars
Webinar on The Future of IT Service Management (ITSM) with ITIL 4,Webinars
Penetrating Networks for CompTIA PenTest+ webinar,Webinars
"Angular Architecture: Planning, Organizing and Structuring webinar",Webinars
AWS: What's New in Amazon EC2 through aws experts ,Webinars
"seminar on Clean Architecture: Patterns, Practices, and Principles",Webinars
LIVE ONLINE TECHO WORKSHOP SERIES INCIDENT'20 NITK SURATHKAL & TECHOBYTES ,Workshops
Attend the workshop of machine learning.,Workshops
2 days Workshop on Java and BasiCConcepts,Workshops
One day Workshop on Unix / Linux,Workshops
Free Workshop on Data Structure using Clanguage,Workshops
Free Workshop on Data Structure using Clanguage,Workshops
3 days free Workshop on Database Management System,Workshops
Python â€“ IOT Workshop (Phase 1),Workshops
AngularJS Workshop (Pre requisites),Workshops
Hacking Workshop â€œAnshathonâ€,Workshops
Hacking Workshop â€œAnshathonâ€,Workshops
Seventh RBCDSAI Workshop on Recent Progress in Data Science and AI,Workshops
Hacking Workshop â€œAnshathonâ€,Workshops
Basics of Android workshop ,Workshops
"Online Workshop on ""Recent Advances in Science and Technology ofConcrete"" on May 2nd 2020",Workshops
Virtual workshop on Cloud computing ,Workshops
2 day workshop on cyberSecurity,Workshops
3 days workshop on  Power BI: Data Analysis Made Easy,Workshops
2 day workshop on Azure DevOps: Understanding Continuous Delivery & DevOps,Workshops
 How to Build Effective Data Communications with Tableau Desktop 3 day workshops,Workshops
attend 10 hour workshop on Introduction to Data Analysis Using Microsoft Excel,Workshops
8 hours workshop on How to Successfully Migrate Office 365,Workshops
CEH: Understanding Ethical Hacking workshop join now,Workshops
Hands-On Power BI for Data Visualization workshop,Workshops
hands on  Networking in Windows 10 Devices-Workshop,Workshops
Project Management: Developing Project Schedules and Budgets a hands on workshop,Workshops
Hands on session on software architectural patterns,Workshops
2 days workshop on Cand C++ languages,Workshops
Bootcamp on blockchain absolutely free,Workshops
bootcamp on fundamentals of Cand java,Workshops
Attend two days bootcamp on IOT applications,Workshops
Bootcamp for ML techies,Workshops
bootcamp on  Align DevOps with IT Service Management (ITSM) ,Workshops
Hands on session on cyberSecurity tools,Workshops
 workshop for Boost IT efficiency with DevOps,Workshops
40 hour bootcamp on AI,Workshops
Free Workshop on How To Ace Job Interviews - Register now!,Workshops
Finance Work From Home Job internship At Ruby Capital,Internships
Financial Modeling Work From Home Job internship At Loomcrafts..,Internships
Exclusive Talk on The true cost of financial dependence,Talks
Expert lecture on Let's get honest about our money problems,Talks
CAREER TALK â€“ FINANCE AS A LUCRATIVE CAREER,Talks
Learn Finance Skills with Finance Online Courses,Courses
Online Financial Modelling - Online Certifications programâ€Ž,Certifications
 Courses In Finance - Guaranteed Placementsâ€Ž,Courses
1. Top Financial Analysis Courses Online - UpdatedÂ ,Courses
Top Enterprise Architect CertificationsÂ ,Certifications
Certified Software Architect Microsoft PlatformÂ ,Certifications
GOTO 2014 Expo â€¢ Software Architecture vs. Code â€¢ Simon Brown,Expos
A talk on Using sagas to maintain data consistency in a microservice architecture by Chris Richardson,Talks
"Internship program on ""Agile Architecture"" - Molly Dishman & Martin Fowler Keynote",Internships
Online session on Design Patterns in the Light of Lambda Expressions by Subramaniam,Webinars
Software Architecture Conference 2019 â€“ Engineering The ...,Webinars
Global Software Architecture Summit: GSAS,Expos
Internship opportunities in  Software Architecture Reinvented,Internships
Free Online Software Development Courses,Courses
Learn IT: Software development - Reference from WhatIs.com,Courses
Live session onBest Practices in Software Development: Interface Overuse ...,Webinars
Trainings Program for Software developer,Trainings
summer internships 2020 - 6 Weeks Online Internshipâ€Ž,Internships
Live talk on Develop confidence in  analysis and manegrial finance,Talks
ACM India Industry Webinar on 18 July with Srinivas Padmanabhuni: End to End Testing of AI Systems: Putting Quality Assurance Centre Stage,Webinars
"Register for  Webinar on 25 July with Jonaki Ghosh: ""Computational Thinking in the Mathematics Classroom",Webinars
ACM Chapter Event: TWO DAY VIRTUAL WORKSHOP ON LATEX,Workshops
"Register for ACM India Industry Webinar on 23 May with Manish Gupta: ""AI for India and Beyond""",Webinars
"Register for  Industry Webinar on 9 May with Suparna Bhattacharya: ""AI/ML/Big Data Analytics: When Will System Software Catch Up?""",Webinars
 Webinar on Machine Learning and Decision-Making with ACM Fellow Michael I. Jordan,Webinars
VIP Reminder:  Webinar on Machine Learning and Decision-Making with ACM Fellow Michael I. Jordan,Webinars
 ACM SIGSOFT Learning Webinar with Mathieu Nayrolles: Automated Debug & Profiling of AAA Games,Webinars
"Reminder to Register for ACM India Industry Webinar on 14 December with Sriram Rajamani: ""Program Synthesis Meets Machine Learning""",Webinars
"Reminder:Webinar with Adam Paszke, Co-Author of PyTorch: ""PyTorch: A Modern Library for Machine Learning""",Webinars
"Register for  Industry Webinar on 5 October with Kaarthik Sivakumar: ""Behind the Green Lock: Security for Today's Internet",Webinars
"April 27 ACM SIGSOFT Learning Webinar with Jeff Sutherland and Ivar Jacobson: ""A Better Scrum with Essence""",Webinars
"Reminder to Register for ACM India Industry Webinar on 3 August with Monish Darda: ""The Ethics of AI: Musk versus Bezos""",Webinars
"Register for ACM India Industry Webinar on 2 February with Gautam Shroff: ""Enterprise AI: Automation, Amplification, and Managing Complexity""",Webinars
"ACM India Industry Webinar, Sat DeC1 at 11am IST with Dr. Pandurang Kamat: ""Blockchain in the Enterprise - Creating Value Beyond the Hype",Webinars
"VIP Reminder: July 8 Webinar with Author and Python's Pandas Creator Wes McKinney: ""Apache Arrow and the Future of Data Frames""",Webinars
Register for ACM India Student Webinar on 2 June with Sridhar Chimalakonda: ?What Is Software Engineering Anyway??,Webinars
VIP Reminder: May 22 webinar on AWS Lambda with Luke Closs,Webinars
"February 25 ACM SIGAI webinar, ""Autonomous Manipulator Solutions for Mobile Robotics""",Webinars
"Webinar on 'Application of AI, ML in Core Engineering' - 25th June 2020 at 4PM",Webinars
"Webinar on""The Future of Management: Agile Leadership and Management 3.0""",Webinars
Register for Webinar :Â Management 3.0 â€“ A Real Experiment with Agile Management Teams with no managersÂ with Ralph van Roosmalen,Webinars
Webinar on October 2019:Â Leadership Agility for Modern Organizations and managementÂ with David Dame,Webinars
"Register for webinar on April 2019:Â Self management, the future of work, purpose-driven organizations and HolacracyÂ with Brian Robertson",Webinars
Webinar on JavaScript Bootcamp for Beginners,Webinars
Webinar with Hack Reactor San Jose Coding Power Hour [Live-Online],Webinars
Register for Webinar with San Jose JavaScript Study Group [Live-Online],Webinars
Webinar on Data Science Virtual Informational Session,Webinars
Webinar on Galvanize Remote Part-time Data Science Information Session,Webinars
"Webinar on ""Learn to Code Denver: JavaScript 201 - Functions & Scope""",Webinars
IEEE ComSoC Webinar: 5G's Role in the Internet of ThingsÂ -,Webinars
IEEE IoT Webinar: Integrating the IoT and Cultural Heritage in the Smart City,Webinars
IEEE IoT Webinar: Social Impact of and on IoT,Webinars
"Webinar on ""What Does the Future Hold for Cloud Computing?'",Webinars
"Weinar on ""AWS, Azure, and Google Cloud: Demystifying Multi-Cloud for Your Organization""",Webinars
IEEE Computer Society Webinar: Open Cirrus Cloud Computing Testbed: Federated Data Centers for Open Source Systems and Services Research,Webinars
WEBINAR: FUNDAMENTALS OF SOFTWARE ARCHITECTURE,Webinars
"Register for webinar on ""Software Architecture versus Software design - definition and differentiation""",Webinars
Live Webinar with JetBrains: Software Architecture as Code,Webinars
"Webinar on ""How to Launch a Central Bank Digital Currency on the Ethereum Blockchain""",Webinars
On-Demand Webinar:Â Blockchain and the Future of Commerce,Webinars
Free webinar: Getting started with C++ in embedded systems,Webinars
"Â Webinar on Future of higher education: short, medium and long-term perspectives around the world",Webinars
"Webinar on The future of internationalisation of higher education: short, medium and long-term perspectives",Webinars
"Get an Certifications on""The Complete Financial Analyst Course 2020"" from udemy",Certifications
Get Certifications on Agile Crash Course: Agile Project Management; Agile Delivery,Certifications
Learn to Code in Python 3: Programming beginner to advanced along with Certifications,Certifications
"Access""Machine Learning A-Zâ„¢: Hands-On Python & R In Data Science"" and get Certifications  on completion ",Certifications
"Get Certifications on ""Clustering & Classification With Machine Learning In Python""",Certifications
Learn How To Build An AI with Certifications from udemy ,Certifications
Tensorflow Deep Learning - Data Science in Python from udemy with Certifications,Certifications
Get your certificate on Introduction to Cloud Computing with Amazon Web Services,Certifications
"Learn Distributed Java Applications at Scale, Parallel Programming, Distributed Computing & Cloud Software Architecture with Certifications ",Certifications
"Get Certifications on ""SOLID Principles: Introducing Software Architecture & Design""",Certifications
"How does cloud computing work?Understand cloud computing definition, concepts & jargon in layman's term with  Certifications from udemy",Certifications
 C++ Programming -Beginner to Advance- Deep Dive in C++  and get Certifications from udemy,Certifications
"  get Certifications on ""Advanced CProgramming: Pointers"" till 23rd july",Certifications
Running a Mobile App Dev Business: The Complete Guide along with Certifications,Certifications
Mobile App Design in Photoshop From Scratch: Design Uber App and also get Certifications from udemy,Certifications
"Access ""The Complete 2020 Web Development Bootcamp"" and on successful completion get a Certifications",Certifications
"Get Certifications on ""Web Design for Everybody: Basics of Web Development & Coding Specialization""  from coursera",Certifications
"Access ""The Complete JavaScript Course 2020: Build Real Projects!"" and get Certifications from udemy",Certifications
 build projects with pure JavaScript (No frameworks or libraries) and get Certifications to enrich your resume,Certifications
The IBM CyberSecurity Analyst Professional Certificate is your entry point into a new career in #cyberSecurity.,Certifications
"Get your Certifications on ""Security in Google Cloud Platform"" from coursera",Certifications
"Get Certifications on ""The Coding Interview Bootcamp: Algorithms + Data Structures"" from  udemy",Certifications
C# Developers: Learn the Art to do clean coding with Certifications ,Certifications
"""Arduino Programming and Hardware Fundamentals with Hackster"" from udemy and  get certifcation",Certifications
"Get certificate on ""Embedded Software and Hardware Architecture"" from coursera",Certifications
"""Industrial IoT on Google Cloud Platform"" and get Certifications from coursera",Certifications
Complete Guide to Build IOT Things from Scratch to Market along with certifcation from udemy,Certifications
Java Programming Masterclass for Software Developers with certifcation from udemy,Certifications
Object Oriented Java Programming: Data Structures and Beyond Specialization with Certifications from coursera,Certifications
"Get ""IBM Applied AI Professional Certifications "" from coursera",Certifications
"Get ""Google IT Automation with Python Professional Certifications"" offered by google from coursera",Certifications
"Learn ""Finance & Quantitative Modeling for Analysts Specialization"" with Certifications from coursera",Certifications
" get Certifications on ""Object-Oriented Data Structures in C++""",Certifications
" ""Microservices Software Architecture: Patterns and Techniques"" from udemy and get Certifications on successful completion",Certifications
The Complete Networking Fundamentals Course. Your CCNA start Certifications from udemy,Certifications
Python 3 Network Programming - Build 5 Network Applications Certifications from udemy,Certifications
Learn the key elements of blockchain and Bitcoin in this bestselling video course with Certifications from udemy,Certifications
"Get Certifications on ""Blockchain A-Zâ„¢: Learn How To Build Your First Blockchain""",Certifications
Learn How the Internet Works & the Web Development Process from udemy with Certifications,Certifications
The Software Development Process - The Complete Course along with certifcation,Certifications
IBM Data Science Professional Certifications from coursera,Certifications
Get a System Administration Certifications from PurpleHat today.,Certifications
"Master Angular 10 (formerly ""Angular 2"") and build awesome, reactive web apps with the successor of Angular.js from udemy with Certifications",Certifications
Google Ads 2020: How our clients have transformed their sales using Google Ads & get your Google Ads Certifications!,Certifications
"Master ""Microsoft Excel - Excel from Beginner to Advanced"" from udemy with Certifications",Certifications
AI World Data Science Hackathons  is coming soon,Hackathons
Microsoft Azure Hackathons is about to start .Please register,Hackathons
#CODE19 Hackathons against covid19 is live from 20 th july,Hackathons
Winter Python Hackathons is live now,Hackathons
Intel Python Hackathons  HACKFURYÂ² starts next month,Hackathons
The Management 2.0 Hackathons,Hackathons
Cloud Computing Code Gladiators Hackathons 2020 registration are open now,Hackathons
Cloud Fest 2021 Hackathons on cloud computing is due next month,Hackathons
Facebook hackercup 2020 is live now,Hackathons
Hackathons codequest 2020 to be live next month,Hackathons
Code heist Hackathons 2020 from codechef will begin from august,Hackathons
Code Chronicles 2.0 Hackathons is back again,Hackathons
Codechef API Hackathons -Use codechef API and alibaba to help the community,Hackathons
"MNNIT Allahabad proudly presents to you the second edition of our annual Hackathons, Hack36. ",Hackathons
HackVSIT Hackathons is starting from 19 february,Hackathons
DX-19 Hackathons is live now,Hackathons
HackerTech is a 36-hour Technical Hackathons starting next week.,Hackathons
"MIT Hackathons PUNE, INTERNET OF THINGS (IOT) is live now",Hackathons
Hackoff 2.0 Hackathons is back for another round next month,Hackathons
#hackcovy is the first online Hackathons with the goal of creating technological solutions to cope with problems caused by COVID-19 in Vietnam,Hackathons
A Program of Drug Discovery Hackathons 2020 DDH.,Hackathons
"HackVSIT 3.0  Hackathons will be an event full of innovation, learning, and a lot of healthy competition!",Hackathons
Invitation to participate in Scilab ToolboxÂ Hackathons,Hackathons
Date Extended : Adobe CoDiva â€“ International Womenâ€™s Day Hackathons 2020 / 26th march last date to apply,Hackathons
Adobe CODIVA Women Hackathons - Register Now,Hackathons
Register now - Accenture Hack Diva 2020- Hackathons for Women in Engineering,Hackathons
Only 1 day to go! Register for HackWithInfy 2020 TODAY!,Hackathons
Hurry! 2 days to go before the registrations for HackWithInfy 2020 closes!,Hackathons
Very Good Opportunity for TE (Comp/IT) 2021 batch students to Participate in Persistent Hackathons Competition on 21st & 22nd March 2020 @ Company Office,Hackathons
Are you ready to showcase your coding skills in NextGen FlashFlex Hackathons Powered By Tech Mahindra,Hackathons
HackWithInfy 2020 Registrations: Deadline Extended!,Hackathons
Accenture Job Opportunity || Through Hack Diva 2020- Hackathons ||,Hackathons
HackWithInfy 2020 Registrations: Hurry! Last 3 days left!,Hackathons
Infosys HackWithInfy 2020 - A bright tomorrow awaits!,Hackathons
Be a part of the transformation: NITI Aayog - Pune Smart City > Hackathons : Savitribai Phule Pune University,Hackathons
"Hackathons @ Syngenta, Pune is live now",Hackathons
"Innovate with the best Hackathons,",Hackathons
Student Contact Alert - Adobe CoDiva - International Women's Day Hackathons 2020 || Register now,Hackathons
Last week before the registrations for HackWithInfy 2020 closes!,Hackathons
Infosys HackWithInfy 2020 - Registrations open!,Hackathons
Kothari Legal Services is hiring . Apply Now,Jobs
Embold Technologies is hiring . Apply Now.,Jobs
You look like a good fit for the job at Deutsche Bank. Apply now.,Jobs
Epicurean Enterprises Pvt Ltd is looking for: Fresher software testing Engineer Job,Jobs
Job | Hiring for Marketing Executive,Jobs
Proctur is hiring . Apply Now.,Jobs
JPMorgan Chase & Co. is looking for: 2020 Software Engineer Program - Summer hiring program,Jobs
Webinar on Lay-offs & Salary-cuts due to COVID-19 - Register now!,Webinars
You look like a good fit for the job at Syntech Solutions. Apply now.,Jobs
You look like a good fit for the job at Autodesk. Apply now.,Jobs
You look like a good fit for the job at Pune Web Designers. Apply now.,Jobs
Technooyster is hiring . Apply Now.,Jobs
Expedite Informatics Pvt Ltd is looking for: Software Testing Job,Jobs
UpTricks Services is hiring . Apply Now.,Jobs
ATOCONN SYSTEM LABS PRIVATE LIMITED is looking for: Software Developer Job,Jobs
Check Out Top Companies Hiring Now! on firstnaukari,Jobs
Search relevant jobs to your skills on firstbleep .com,Jobs
"The best work from home jobs that pays well. Earn more than 30, 000 per month.",Jobs
Govt Jobs In India | 5000 Government Vacancy Apply Online Now,Jobs
HIRING A PART-TIME SUPPORTER FOR DATA ANALYST OR DATA SCIENTIST at PLATINUS TECHNOLOGIES PVT.LTD,Jobs
Hiring for Principal Data Scientist - Machine/Deep Learning - NLP/Tensorflow :Register to apply,Jobs
Veda Semantics is hiring for  Data Analyst / Data Scientist position,Jobs
Dream to be a Sr. Data Analyst? Axim Technologies is hiring now,Jobs
Mahiyoo Technologies and Consulting is hiring for  Python Django Full Stack Developer Freelance,Jobs
Want to be Machine Learning Scientist?CAREER MAKERS is hiring for the position,Jobs
MJB technologies LLP is hiring for Business System Analyst - Project Management  position,Jobs
Accenture is hiring for TELECOM OPERATIONS-PROGRAM AND PROJECT MANAGEMENT position,Jobs
Careerera is hiring  Information Security Specialist with elevant qualifications and a work experience of at least 2 years.,Jobs
Growth 360 is hiring  Cyber Security Lead,Jobs
Want to become Cyber Security Analyst? ShieldByte InfoseCPvt Ltd is hiring now,Jobs
Career Foresight HR Solution LLP is looking for Cyber Security Engineer with Contract role For 6 months,Jobs
Opsramp is hiring for a full time  Cyber Security -risk Manager,Jobs
Job listings python developer pune persistent systems limited pune with  5 to 8 years work experience,Jobs
We have an urgent  job requirement of Node JS + Python  Developer for Persistent Systems based at Pune (Yerwada),Jobs
HARMAN HIRING FOR PYTHON DEVELOPER (MAX 30 DAYS JOINERS),Jobs
Lobo Staffing Solutions Private Limited is hiring Python Automation Developer ,Jobs
Job listings principal senior frontend developer javascript banking oracle india pvtl ltd bengaluru,Jobs
Zinier Technologies is hiring  Technical Lead - Frontend Development - Javascript/ AngularJS,Jobs
"Job Opening for UI DEVELOPER (JAVASCRIPT, HTML5, CSS3, SASS) at SOTI at gurgaon",Jobs
Decom systems is hiring Computer Hardware & Networking Engineer,Jobs
Sourcing Talent Hire & Associates is hiring  Service Engineer - Computer Hardware & CCTV,Jobs
RANDSTAD INDIA PVT LTD is opening position for Financial Analyst job,Jobs
Valence Health is hiring Finance Coordinator ,Jobs
Job listings for  oracle financial functional consultant at  tejoma technologies private limited,Jobs
Infinite open source solutions is hiring Mobile Application Development at kerala,Jobs
RENTLY SOFTWARE DEVELOPMENT PRIVATE LIMITED is hiring Embedded Firmware Engineer/sr. Engineer/ Architect,Jobs
"Hire For R&D - API - Process Development - Atchutapuram, Vizag at 2Coms Consulting Pvt Ltd.",Jobs
Amway India Enterprises Pvt Ltd is hiring Associate Manager - Process Development,Jobs
Ceequence Technologies is looking for: Python Fresher Required.,Jobs
Intern required at PTCand . Apply now.,Internships
Youthfest is here,Fests
Techfest 2021 is here,Fests
Avishkar is here with full of new events,Fests
Biggest tech festival is coming back,Fests
Contribute for this awesome IT fests,Fests
India's first virtual EDM  festival is here0,Fests
Techintelligent 2020 is on!,Fests
Spectrum 2018 with exciting events is on fire!!,Fests
Kpit sparkle 2019 is back with innovative ideas,Fests
The most awaited IT festival is here,Fests
Avishkar is back with interesting events,Fests
The biggest innvoation fest INNOVISION is here,Fests
codefest 2020,Fests
Smart city festival is awaiting,Fests
"Techfest, IIT Bombay Asia's Largest Science and Technology Festival.",Fests
"IIT kanpur hosts Techkriti in 2020,a wellknow fest in india",Fests
"The first edition  of technology festival of IIT DHARWAD,ParseC2020 is back now",Fests
"Wissenaire , the annual techno-management festival of Indian Institute of Technology Bhubaneswar",Fests
"Tryst, the annual technical festival of the Indian Institute of Technology Delhi is back in 2020",Fests
"Amalthea,technical summit of Indian Institute of Technology Gandhinagar is awaiting",Fests
"Techniche,Techno-Management festival  is golden opportunity for all techo geeks",Fests
Nvision 2020 is here,Fests
"IITM is organising  annual technical festival ""Shastra"" again for 2020",Fests
"Exodia ,annual techno-cultural fest of Indian Institute of Technology Mand  is back with interesting events",Fests
Celesta is back for all the techsavys ,Fests
IIT Bhilai is organizing Meraz-their techno festival .Register now,Fests
Gyanith  is back for all the tech geeks,Fests
Aayam the annual tech fest by NIT Agartala,Fests
Avishkar  the annual tech fest by NIT Allahabed is fild with excitting events,Fests
"Techspardha,the annual techno-managerial festival of National Institute of Technology, Kurukshetra is back in 2020",Fests
VULCANZY an annual tech fest organised by NIT AP is back for its 15 year,Fests
Biggest Security tech festival is coming back,Fests
"International exhibition of electroniC,Computer and E commerce",Expos
Smart Home expo,Expos
Hong kong Education and careers expo,Expos
Tampa Veterans career fair,Expos
Career Education and Settlement immigrant and fair,Expos
Liverpool Jobs Fair(Recruitment),Expos
Australia studies fair in your college,Expos
Annual Diversity Employment Day Career Fair and roundtables,Expos
Portland Veteran Career fair,Expos
Expo to the Security threats,Expos
India International Hospitality expo 2020,Expos
EmbeddedTech India expo 2020  is from 21 march to 25 march,Expos
Innovation day and National level project expo,Expos
Engineering Projects Expo 2020,Expos
NEPCON LIVE Online Exhibition ,Expos
AI & Big Data Expo Europe 2020,Expos
IoT Korea Exhibition 2020,Expos
Drive World Conference and Expo 2020,Expos
Tableau Conference 2019,Expos
Cyber Security Conference India 2019,Expos
Startups in Korea Expo 2019,Expos
Cyber Security Expo 2020,Expos
Cloud & DevOps World 2020,Expos
DX Summit 2019(2 days at london,Expos
Gartner Security & Risk Management Summit 2020,Expos
China International OptoelectroniCExposition 2020,Expos
Disha Higher Education Expo 2020,Expos
Higher Education expo in Alappuzha,Expos
premier school exbhition 2020,Expos
The great India Education fair,Expos
29th career fair 2020,Expos
17 th Admission fair 2020,Expos
Study in India 2020,Expos
Management and  business expo,Expos
Management and legislation expo,Expos
Techexpo at IIIT delhi,Expos
Super Computing Conference - SC2020,Expos
Tableau Conference 2019,Expos
TechXLR8 - London Tech Week 2020,Expos
Internet+ Expo Powered By Cebit It Trade Fair 2019,Expos
Fireside Summit 2019,Expos
Virtual Cyber Security Chicago Conference 2020,Expos
Java J2ee Online Trainings ,Trainings
Java Trainings from Scratch - No Coding Experience Required?,Trainings
Java Trainings and Tutorials - Java - Online ,Trainings
Trainings  | Grow Your Management Skills | Udemy?,Trainings
Management Skills Trainings | IMD Business School,Trainings
Management Skills for New Managers | MCE Trainings ,Trainings
Google Developer Skills & Web Development Trainings.,Trainings
Coding Trainings - Kick-Start Your Career Today?,Trainings
Coding Courses | Coursera,Courses
Coding Trainings Recommendations - Code Conquest,Trainings
Cyber Security Trainings ,Trainings
Security Trainings  - Free Online Trainings By Alison,Trainings
Free Online Computer Hardware Trainings  from alison.com,Trainings
Hardware Installation and Repair  Trainings from study.com,Trainings
"Security Guard Trainings Programs, Classes and Requirements",Trainings
IT and Hardware - Online  Trainings ,Courses
Web Developer Certifications | Web Developer Trainings   from eudreka,Trainings
 IoT Trainings - From Beginner to Expert from www.springpeople.com,Trainings
Artificial Intelligence  - Instructor-led Online Trainings? from www.simplilearn.com,Trainings
Machine Learning & AI - Hands-On Trainings in Python,Trainings
Python Trainings - Best In Class-Room Trainings? from sevenmentor.com,Trainings
Web Development Course - Enroll Now & Start Learning?,Courses
Finance Courses - Browse All Finance Trainings | CFI,Courses
Financial Analyst Trainings - Browse All Online | CFI,Trainings
Internet Of Things Trainings - IOT Trainings - Intellipaat,Trainings
IoT Trainings | Learn IoT | IoT Trainings Online | Internshala,Trainings
"Mobile Apps - Online Classes, Trainings, Tutorials on lynda",Trainings
Advanced C++ Programming  Course | Udemy,Courses
Software Architecture Online Courses | LinkedIn,Courses
Cloud Computing Trainings ,Trainings
Cloud Computing Trainings  | Global Knowledge,Trainings
Financial Workshops for your Employees - FinMarie,Workshops
â€œWorkshop on Mobile Applications Developmentâ€,Workshops
2-Day Workshop on Android Application Development,Workshops
Learn Python with Online Python Courses | edX,Courses
Python Courses - Learn Python Skills Online | Coursera,Courses
Two Days Workshop on Artificial Intelligence BY VIT,Workshops
Python Workshops | python.fossee.in,Workshops
Python Workshop: Introduction and Beyond (2-Day Workshop),Workshops
A Two day Programme on 'Finance for non finance executives',Workshops
"Corporate Trainings in Analytics, Finance and ACcounting",Trainings
AI Workshop | Google Cloud,Workshops
PubliC Workshop - Evolving Role of Artificial Intelligence in radiological imaging,Workshops
Mobile Application Development Trainings Institute Hyderabad,Trainings
Mobile App Development Trainings - Tonex Trainings,Trainings
"Mobile Apps Online Courses: Design, Build, and Publish Apps from udemy",Courses
C++ Trainings Online | C Trainings Online | Internshala Trainingss,Trainings
Top 5 Free C++ Courses to Learn Programming in 2019 ,Courses
JAVA - Core & Advanced Workshop - 5 Days | Innovians,Workshops
"Programming With Java Workshop - RoboTryst Tryst , IIT Delhi",Workshops
Top Software Architecture Courses Online - Updated,Courses
Favorite courses to learn Software Architecture in 2020,Courses
Workshop - Kerala State Higher Education Council,Workshops
National Workshop on Examination Reforms in Higher Education by Pune university,Workshops
IOT â€“ Workshop on Internet of Things - i3indyaâ„¢ Technologies,Workshops
IoT Workshop - 5 Day - Innovians Technologies,Workshops
"Workshop on IoT, Applications using Arduino BY Amrita Vishwa",Workshops
The Java Workshop - Packt - Workshop Learning,Workshops
AWS Trainings and Certifications - Cloud Skills Courses,Trainings
Web Development: PHP & MySQL Workshop for Engineers,Workshops
12th International Workshop on Higher Education Reform,Workshops
Networking Courses | Citrix Trainings | F5 Trainings,Courses
Business Networking Trainings | Trainings by Experts | Impact factory,Trainings
Free Workshop - How to become a web developer,Workshops
The Complete JavaScript Course - Beginner to Professional,Courses
JavaScript Trainings: Learn JavaScript For Free | Codecademy,Courses
JavaScript Trainings - W3Schools,Trainings
Blockchain Trainings Course Online | Blockchain Council,Trainings
Introduction to Web Development 2-Day Workshop,Workshops
Learn Blockchain with Online Blockchain Courses | edX,Courses
Trainings & Certifications â€“ Hyperledger,Trainings
Blockchain and Ethereum Certifications Trainings - Edureka,Trainings
Free Online Teaching Courses for Teacher CPD ,Courses
Teacher Trainings - How to Teach Online - Remote Teaching,Trainings
Japanese Language Trainings | Japanese Language Program ,Trainings
LaTeX - Online Courses Tutorials on Lynda,Courses
"Google's Coding Competitions - Code Jam, Hash Code ",Competitions
"Programming Competition,Programming Contest online on codechef",Competitions
Competitive Programming| Coding Competition on techgig,Competitions
Cyber Security Competition 2017,Competitions
European Cyber Security Challenge â€” ECSC,Competitions
Global Cyberlympics | International Hacking Competition,Competitions
Student Hardware Competition | IEEE SoutheastCon 2020,Competitions
Hardware and Device Programming Competition - CodeProject,Competitions
Hardware Model Checking Competition 2019 - JKU,Competitions
14th China Hardware Product Design Competition 2019,Competitions
Web Development Competition - CodeProject,Competitions
Web Design Contests and Web Design Competitions,Competitions
Inspiring Web page design Contests - 99designs,Competitions
IoT Challenge 2020 - National Level Event on IoT at Aakaar,Competitions
Biggest IoT Competitions in India - Engineering,Competitions
Biggest IOT Competition in India - Skyfi Labs,Competitions
Java Coding Contest - Learneroo,Competitions
ASSIST Java Contest | ASSIST Software Romania,Competitions
Java 4K Game Programming Contest,Competitions
AI for Good Idea Challenge â€“ AI labs - Microsoft,Competitions
The AI Challenge - Student - Agorize,Competitions
"Artificial intelligence competition with $100,000 in prize money",Competitions
PyWeek games programming contest | Python.org,Competitions
Great Learning Python Challenge | Programming challenges on hackerearth,Competitions
Python International Competition - Foshay Tech Academy,Competitions
Financial Modeling Competition - 2019 Case Championship,Competitions
Competition and Finance | Cato Institute,Competitions
Atlab Competitions â€“ Mobile App Making Competition,Competitions
IEEE Mobile application development contest,Competitions
"The Cand C++ competition, contest and challenge around the  world",Competitions
The ACM-ICPCInternational Collegiate Programming Contest,Competitions
The ICFP Programming Contest,Competitions
 BME International 24-hours Programming Contest,Competitions
The International Obfuscated CCode Contest,Competitions
 Internet Problem Solving Contest,Competitions
Microsoft Imagine Cup competitions,Competitions
Cloud Computing Workshop- Amazon Web Services 2020,Workshops
Short Term Trainings Programme On CLOUD COMPUTING AND Security SERVICES 2020,Trainings
Networking Competition | IEEE SoutheastCon 2019,Competitions
JS1k - The JavaScript code golfing competition,Competitions
JavaScript Coding Challenges - DEV - Dev.to,Competitions
ML Contests: Machine Learning & Data Science Competitions,Competitions
"Knocktober â€“ Machine learning Competition, 21st Oct, Analytics Vidhya",Competitions
Blockchain Coding Contest Offers $100K Prize | PYMNTS.com,Competitions
International Data Analysis Olympiad competition,Competitions
DataHack & DSAT contest,Competitions
Management 3.0 Workshops & Events,Workshops
Workshop on Management | Events | Welcome to SRM ,Workshops
Management  Workshops and Seminars: Helping You Grow Your Business by Becoming a Better.,Workshops
Coding Workshops for Engineering Students - Skyfi Labs,Workshops
Free Coding Workshops and Campus Tours | Hack Reactor,Workshops
Want to Teach Coding? Here's Where to Begin | Edutopia workshop,Workshops
IWSEC2020(The 15th International Workshop on Security),Workshops
Cyber Security 2 Days Workshop | Data Security,Workshops
Workshop on Security and Privacy in Big Data | 2020 IEEE INFOCOM,Workshops
Workshop on Computer Hardware and Networking - FAMT,Workshops
Workshop: Hardware & Processing | Digital Schoolhouse,Workshops
127 Management Intern in India (2 new) - LinkedIn,Internships
"Management  Internship , Employment | Indeed.com",Internships
CyberSecurity Trainings with Internship | Kernel Trainings,Internships
Cyber Security Internship In India | Summer Internships | Verzeo,Internships
Cyber Security & Ethical hacking Internship In Kerala,Internships
Hardware Internship in chennai ,Internships
Internship in Hardware Networking  (Jul 2020),Internships
Web Development Internship | Web Development Summer program,Internships
6 Month Web Development Internship - Corporate School,Internships
Internet of Things Engineer - Intern - SmartBridge,Internships
Machine Learning Internship l Machine Learning Projects l ,Internships
6 Week summer industrial Trainings in Artificial Intelligence through internship,Internships
Python Trainings internship Jobs | Glassdoor.co.in,Internships
Summer Internship Trainings in Python - Python Programming,Internships
Financial Management Internship Program - gov.occ.careers,Internships
FINANCE Internships in India | Internship in FINANCE 2020,Internships
Android Internship - Android/IOS/Hybrid Mobile App Internship,Internships
Top 10 Online Internship Trainings Program in ... - Internshipwala,Internships
"Intern Software Architecture , Employment | Indeed.com",Internships
Cloud Computing Internships | Microsoft Azure Cloud ... - Verzeo,Internships
Internship in Cloud Computing  Employment | Indeed.com,Internships
CInternship - CProgramming Internship - By 10 Microsoft ,Internships
Summer Winter Internship in Cand C++ - C++ Programming ...,Internships
"Java Internship , Employment | Indeed.com",Internships
JavaScript Developer (Fresher/Intern) at JS Tigers â€¢ Bengaluru ,Internships
JavaScript Internship  | StartUs,Internships
Online Summer Internship Program on IoT AI ML ...,Internships
Online Summer Internship Program in Machine Learning,Internships
Why Learn Blockchain | Internship in Blockchain - Verzeo,Internships
BlockChain Internship,Internships
Data Science  Internship Â» Data Science Dojo,Internships
Summer Analytics Internship - Ivy Professional,Internships
 Internship - Data Science and Machine ... - Xen.ai,Internships
Management: Leading Wisely | TED Studies | Read - TED Talks,Talks
Code: The next universal language | TED Talks,Talks
hellerve/programming-talks: Awesome & interesting ... - GitHub,Talks
Ideas about Security - TED Talks,Talks
hardwear.io USA 2019 Talks | Hardware and Embedded systems,Talks
Revolution of the open hardware | Bram Geenen | TED talks xMadrid,Talks
Atos Expert talk - Change Management & Augmented Reality,Talks
"VIP Reminder: July 24 Talk with Facebook AI Researcher Cristian Canton: ""Abuses and Misuses of AI: Prevention vs. Reactio",Talks
"Talk with Author and Python's Pandas Creator Wes McKinney: ""Apache Arrow and the Future of Data Frames""",Talks
"June 8 Talk: ""Leveraging the ACM Code of Ethics Against Ethical Snake Oil and Dodgy Development,? with Don Gotterbarn and Marty Wolf",Talks
 May 22 Talk on AWS Lambda with Luke Closs,Talks
April 30 Talk on Responsible Data Use with ACM Fellow Jeannette Wing,Talks
April 14 Talk on the Evolution of Computer Graphics with 2019 Turing Laureate Ed Catmull and PDI/DreamWorks Co-Founder Richard Chuang,Talks
March 25 Talk on Machine Learning and Decision-Making with ACM Fellow Michael I. Jordan,Talks
"February 26 Talk with Tulsee Doshi: ""Fairness in Machine Learning""",Talks
"February 5 Talk on Reliability Engineering and Incident Response with Author Lorin Hochsteinoshi: ""Fairness in Machine Learning""",Talks
 November 1 Talk on the Rust Programming Language with Author and Rust Core Member Carol Nichols,Talks
"Talk with HCI Pioneer Joseph A. Konstan, ""Recommender Systems: Beyond Machine Learning""",Talks
One Day Session On Management Consulting Skills Mastery,Webinars
"Webinar on ""Your Study Abroad Journey""",Webinars
"Webinar on ""Start A University Of Arizona Master's Degree From Wherever You Are""",Webinars
"Live Session :""Start Exploring Your Overseas Education Today""!!",Webinars
"One Day Workshop on ""Technical Report Writing :-Latex""",Workshops
"National Webinar on ""Unlock India-A Management Prespective""",Webinars
"Webinar on ""Open Source Software Development With Git and GitHub""",Webinars
Building Your Next Machine Learning Dataset :Get Ready In 3 Days - Live Webinar,Webinars
A Webinar On  How To Develop LogistiCRegression Model Using Python,Webinars
" A Live Session On ""What Enterprise Should Know About Machine Learning"" ",Webinars
Free Online Webinar On Machine Learning,Webinars
Job Alert: Cisco is hiring for C/C++ developers in India,Jobs
"IBM, Accenture, and Other hiring software developers and big data engineers",Jobs
IIT Roorkee launches online summer Trainings program on Data Science,Trainings
Job Alert: Amazon is hiring for Software Development Intern position in India,Jobs
Data Science jobs at Siemens: Know the hiring process,Jobs
Job Alert: Ecom Express to hire 7000 employees over next two months,Jobs
GlobalLogiC30 Hacks,Hackathons
Brillio Game Changer Hackathons - Tech Queens Series,Hackathons
IBM- 2020 Call for Code Global Challenge,Hackathons
Open Coding Round,Competitions
CrowdStrike Hackathons - Every Second Counts,Hackathons
Loweâ€™s Campus Hackathons,Hackathons
Cohesity Top CoderChallenge,Competitions
Code-Solve-Build Hackathons,Hackathons
February Code War Hackathons,Hackathons
PubmatiCCode Storm hakathon,Hackathons
UiPath RPA Hackathons,Hackathons
C++ Hiring Challenge,Jobs
Python Challenge,Competitions
C# Challenge,Competitions
McAfee Coding Challenge,Hackathons
Fivetran Hiring freshers,Jobs
Code4MetricStream Java Hiring now,Jobs
Alibaba Cloud India Hackathons,Hackathons
Mastercard Coding Hackathons,Hackathons
HERE-a-Thon 3 Hackathons,Hackathons
Location Service Campus Hackathons,Hackathons
Voice Based Pyments Hackathons,Hackathons
IG PAN India Contest,Competitions
RPA Hackathons,Hackathons
AI/ML Hackathons,Hackathons
Solution Hunters Hackathons,Hackathons
AngularJS Hackathons,Hackathons
DecOps Hackathons,Hackathons
Blockchain Hackathons,Hackathons
Tech Aptitude Challenge,Competitions
Icertis Quiz,Competitions
NECOpen Innovation Hackathons,Hackathons
Happiest Minds Code Challenge,Hackathons
AMCSoftware Code Warriors,Competitions
Cognizant Azure Hackathons,Hackathons
CGI Full Stack JavaThon 2019,Hackathons
Open Contest,Competitions
Java Hiring Contest,Jobs
Amex IoT Hackathons,Hackathons
Informatica Code-aThon 2018,Hackathons
ContiQuest-Quest For Tech Thirst,Competitions
TomTom India Hackathons ,Hackathons
Learning Java,Courses
"IIT Roorkee to conduct webinar talking about careers in AI, machine learning",Webinars
"National Webinar ""Hang Out with Entrepreneurs""",Webinars
Online Seminar Open House:Career Planning and Guidance,Webinars
"Webinar on ""Impact of COVID-19 pandemiCon research and education""",Webinars
Talks - Guest Lecture on Advances in Machine Learning,Talks
"Hands-on Workshop On ""Python""",Workshops
"Workshop On ""Fundamentals of MATLAB""",Workshops
"Global Expert Talk on ""Trends in Cloud Computing towards Industry Oriented Concepts""",Talks
"Session on ""How To Build A Machine Learning Model""",Workshops
Faculty Trainings Program On Internet Of Things,Trainings
"One-Day National SeminarÂ on ""Recent trends in Artificial Intelligence""Â ",Webinars
The Department of Computer Science is organizing Hackathons 1.0 on September 30 th - October 1 st 2019,Hackathons
"Talk by Dr S.K. Saha, Professor, IIT Delhi On ""Robotics And Its Compietions Based On Education""",Talks
One-week Workshop on IoT,Workshops
Workshop on Fundamentals of Python Programming,Workshops
3DPRINTEXPO,Expos
TechnoXian EduTech Expo,Expos
TechExpo,Expos
IOT India Expo,Expos
DigiMarCon India - Digital Marketing Conference & Exhibition,Expos
Education and Trainings Resources & Technology Expo,Expos
International Engineering & Technology Fair (IETF),Expos
"Exhibition and Conference on Education, Technology and Infrastructure",Expos
Smart Mobility Expo,Expos
Event Tech Expo,Expos
Matlab Expo,Expos
Techfest,Fests
Pragyan Hackathons,Hackathons
AAPA Port Security Seminar & Expo,Expos
National Facilities Management & Technology Conference & Expo,Expos
IoT World Careers Fair,Expos
Technology & Engineering Career Fair,Expos
Ethical Hacking Trainings,Trainings
Blockchain TrainingsÂ ,Trainings
A Certified Workshop on Java with Spring Boot Framework in Ahmedabad,Workshops
National Workshop On Nanotechnology & Embedded SystemsÂ ,Workshops
Coding Workshop,Workshops
National Workshop on Artificial Intelligence in Industry 4.0 (AI in Industry 4.0),Workshops
Hackmanthan - The Ethical Hacking Workshop (The Ethical Hacking & Cyber s Security Workshop),Workshops
Global Summit and Expo for Mobile Applications and Services for Seniors and Users of All Abilities,Expos
A Webinar On Spot Decision - Yocket,Webinars
Hiring | Java Developers | Bengaluru and HyderabadÂ ,Jobs
Job Alert: Cisco is hiring for C/C++ developers in IndiaÂ ,Jobs
"TCS to start onboarding 40,000 freshers from mid-July",Jobs
Top job roles and salaries for Artificial Intelligence engineers in India,Jobs
Top 4 firms now hiring for technical positions in India,Jobs
Hiring For- MNC- Hyderabad For Java-AWS Developer-Permanent Position,Jobs
Job Opening for Back End Developer (Node-Js) - Pune (Shivaji Nagar)!,Jobs
Job Alert : Front-End Engineer - React.js/Javascript,Jobs
"Opening for Openshift Developer with popular MNC, Pune!!!",Jobs
Mobile Application Developer: Jobs ,Jobs
Hiring on Urgent Basis Web Developer,Jobs
Machine Learning Jobs ,Jobs
Bizops Engineer Jobs ,Jobs
Computer Operator Data Entry Operator job at Obelisk System pvt ltd in India...,Jobs
Urgent Opening Job offers for Web Developer || IT Company || Hinjewadi Pune,Jobs
Vacancy for Android Developer job,Jobs
Job opening for Data Scientist,Jobs
IIT Bombay is hiring for part time web developer,Jobs
GraphiCDesigner Jobs ,Jobs
Java Developer Jobs ,Jobs
Amdocs Is Hiring Technology Specialist,Jobs
Job Acura - Graduate Jobs - Information Technology - Java,Jobs
Systems Analyst - IT Jobs ,Jobs
wipro recruitment for freshers â€“ Need WAS L3 support for WIPRO ltd,Jobs
Punjab National Bank Jobs  - Apply Finance Officer Jobs In,Jobs
"WORKDAY FINANCE Jobs  in Chennai,Noida",Jobs
Hiring Manager Finance and Accounts for a leading textile industry in Pune,Jobs
Â Elevate Tech Festival 2020,Fests
Â Katapult Future Fest,Fests
NIT Jamshedpur â€“ Techno-Management Fest â€“ 2019 â€“ Ojass,Fests
RGUKT â€“ Techno Management Cultural Fest â€“ Abhiyanth â€“ 2019,Fests
BITS Pilani â€“ Technical Fest â€“ APOGEEâ€“ 2019,Fests
Technex â€“ IIT (BHU) â€“ Techno-Management Fest â€“ 2019,Fests
Essentia 2018 - IEEE TECHITHON (Technical Fest),Fests
SPECTRUM festival I back- 2020!!!,Fests
Altis Festival is here with new events,Fests
Mood Indigo is the Largest College Festival in Asia,Fests
Kshitij - A four day college festival of Mumbaiâ€™s Mithibai College,Fests
â€œPremier Youth Festivalâ€ 2020,Fests
Innovision 2020 !!!,Fests
Impact : An IT TechFest 2021,Fests
Gandharva 2021!!!- A Cultural Festival with new Events,Fests
Webinar On Updates About Current COVID-19 Situation And UK Universities September 2020 Intake,Webinars
"Online Webinar On ""Gearing Up Your Innovation Contest""",Webinars
Inspirational And Leadership Webinar,Webinars
TiE Pune Session on- Njurturing The Future,Webinars
Webinar On importance Of IELTS Exam For Overseas Opportunities,Webinars
KPIT Sparkel Ideation Competition,Competitions
Webinar On Data Science And ML With Cloud Deployment,Webinars
MICInnovation Contest,Competitions
IICNational Innovation Contest 2020,Competitions
"A Session Organised By Department Of CSE For ""Project Guidance From Selection To Implementation""",Webinars
KMITL Online Internship,Internships
Attend The Virtual Session On Aritficial Intelligence,Webinars
Live Demo Lecture On Digital Marketing,Talks
Live Lecture On Python ,Talks
"Webinar On ""Human Values And Professional  Ethics""",Webinars
Attend IDP's New Zealand Virtual Education Fair ,Expos
Free Webinar On- How To Prepare For Coding Interviews?,Webinars
Online Matlab For Enginners Bootcamp,Trainings
Full Stack Web Development Course,Courses
Goldman Sachs Internship India Application Form | Apply Online for Python Development,Internships
Engineering Students: Web Development -Work from Home internship during Corona lockdownÂ ,Internships
Software Development Engineer Intern(2020 graduates and 6Months,Internships
Internship Programme for college students,Internships
Cyber Security internship,Internships
Web Development internship,Internships
PHP Software Developer - intern,Internships
Artificial Intelligence Internship,Internships
Web Development part time internship at Vadodara | THT-439,Internships
"Machine Learning Intern :Part-time, Internship, Fresher",Internships
Data Analytics Internship:Think Analytics India Private Limited,Internships
Machine Learning Internship:FOXARCO ,Internships
Python Machine Learning & Data Science Fresher Intern:Softtronix IT Solution,Internships
Machine Learning Internship:Exa Mobility India Private Limited -,Internships
Java Development Internship:LOGOS CORPORATE SOLUTIONS,Internships
Java Development Internship In Jodhpur Pune At Chirpn It Solutions,Internships
Java Internship in Pune:Maxgen Technologies,Internships
Java Development part time internship:KUKbit Software Lab,Internships
Python Development For Step Motor Raspberry Pi Project Part Time :Infigo Research Laboratories Private Limited,Jobs
Python Development  internship At Pune In Skillbit,Internships
Python Development Job internship At Multiple Locations : Agrahyah Technologies,Internships
Django Python Development Internship In Pune At Autovista,Internships
Python Development internship:ToCan Analytics,Internships
Python/Django Development internship Ungeek Mumbai,Internships
Artificial intelligence And Robotics Internship : Sankhkyiki Robotics Private Limited,Internships
Artificial Intelligence Ai Work From Home  internship At Beamcrew,Internships
Technical Consulting Intern- AI frameworks and tools : Intel Corporation,Internships
Data Science - Intern - Only Final Year Student : Quikkloan.com - Digital loan marketplace,Internships
Data Scientist Intern Job: Dasceq,Internships
Data Science Internship Internships on Data Science with Python: Evolet Technologies,Internships
Litifer Hiring Data Science Machine Learning Interns,Internships
Internet Of Things (IoT) Internship : Exa Mobility India Private Limited,Internships
Embedded Systems and IoT internship : iobot Technologies Private Limited,Internships
Internship : IoT - Transportation VLS,Internships
AWS Cloud Computing Internship ,Internships
AWS Cloud Management internship,Internships
Cloud Computing Architecture Internship : Maxgen Technologies,Internships
Mactores - Cloud Engineer - AWS/Azure - Internship,Internships
5 days Live Workshop for CProgramming Basics! 3 days to go!,Workshops
Diversity Abroad Annual Conference,Workshops
Â NACACNational Conference,Workshops
annual conference of theÂ Higher Education Web ProfessionalsÂ ,Workshops
Â Leadership in Higher Education Conference,Workshops
NAFSA Annual Conference & Expo,Workshops
5 days live Workshop For Shapeing  The Future Of Higher Education,Workshops
CPA â€“ C++ Certified Associate Programmer Certifications,Certifications
"C++ Courses, Tutorials & Classes Online (Pluralsight)",Courses
C++ Nanodegree Certifications for Programmers (Udacity),Certifications
Â C++ Certifications for CProgrammers from University of California,Certifications
The C++ Certifications in Pune,Certifications
Beginning C++ Programming - From Beginner to Beyond,Courses
Learn the basics and advanced of c++ from scratch. Get your programmer certificate!,Certifications
C++ programming step by step from beginner to advance level.,Courses
The C++ Programming Course For Beginners,Courses
Unreal Engine C++ Developer: Learn C++ and Make Video Games,Courses
 Programming Guide Of CPlus Plus Course,Courses
C++ Programming Bootcamp - Learn Complete C++ From 0 to 100,Trainings
CPP Practice Exam: C++ Certified Professional Programmer,Certifications
CNP - Certified Network Principles,Certifications
AWS Networking in depth: Learn practically in 7 hours,Courses
Learn OSI 7 Layers and Networking Background Concepts,Courses
The JavaScript Developer Certificate,Certifications
Certified JavaScript Developer,Certifications
Microsoft Technology Associate (MTA) Exam 98-382: Introduction to Programming Using JavaScript,Certifications
CIW JavaScript Specialist Certifications,Certifications
Microsoft Certified Solutions Associate (MCSA: Web Applications) Exam 70-480: Programming in HTML5 with JavaScript and CSS3,Certifications
JavaScript 2019: JavaScript ES6 Trainings,Trainings
"Â Programming Foundations Trainings with JavaScript, HTML and CSS by Duke UniversityÂ ",Trainings
JavaScript Introduction Certifications by W3C,Certifications
" HTML, CSS, and Javascript for Web Developers Trainings by Johns Hopkins",Trainings
Â Interactivity with JavaScript by University of Michigan Trainings for free,Trainings
Â Certifications Programming for the Web with JavaScript by University of PennsylvaniaÂ ,Certifications
Exclusive talk on Modern JavaScript From The BeginningÂ ,Talks
Webinar on Â ES6 Javascript: The Complete Developerâ€™s GuideÂ ,Webinars
Â JavaScript Essential Trainings (LinkedIn Learning â€“ Lynda),Trainings
The Complete JavaScript Course 2019: Build Real Projects!,Courses
online session Essentials in JavaScript ES6 - A Fun and Clear Introduction,Webinars
JavaScript Essentials 2019 Mini Course,Courses
The Complete Full-Stack JavaScript Course!,Courses
JavaScript Bible - JavaScript and ES6 Course 2019,Courses
jQuery workshop : JavaScript and AJAX Coding Bible,Workshops
JavaScript For Beginners - Learn JavaScript From Scratch,Courses
JavaScript Bootcamp - Build Real World Applications,Trainings
Vue.js Fast Crash Course,Courses
The Complete Node.js Developer Course (3rd Edition),Courses
PMP Project Management Professional Certifications,Certifications
Association of International Product Marketing and Management (AIPMM) Certified Brand Manager,Certifications
Â American Management Association :Certificate in Analytical Skills,Certifications
Certified Associate in Project Management (CAPM),Certifications
Certified Project Management Practitioner (CPMP),Certifications
BVOP Certified Project Manager,Certifications
Project Management Certificate (PMC),Certifications
PMI Risk Management Professional (PMI-RMP) Certifications,Certifications
Agile Crash Course: Agile Project Management; Agile Delivery,Courses
Project Management Certifications ,Courses
Register for webinar on The Project Management  Beginner to PROject Manager,Webinars
Special talk on The Complete Product Management ,Talks
Â The Complete Management Skills Course,Courses
Management Crash Course: Tactical Trainings for New Managers,Courses
The New Fundamentals of Management workshop (6 Course Bundle),Workshops
Online Workshop on Basics Of CProgramming By Rajiv Gandhi University,Workshops
10 hours bootcamp on Introduction to Computer Hardware: Components & Peripherals,Trainings
PLCProgramming From Scratch (PLCI) free course,Courses
Arduino Step by Step: Free Course Getting Started,Courses
Expert lecture on Mastering Microcontroller with Embedded Driver Development,Talks
"From Wire to PLC, A Bootcamp In Industrial Automation",Trainings
Talk on Embedded Linux Step by Step using Beaglebone Black,Talks
Microcontroller Embedded CProgramming: absolute beginners courses,Courses
" course 2020 Ultimate Guide to Raspberry Pi : Tips, Tricks and Hacks",Courses
Arduino Bootcamp : Learning Through Projects,Trainings
Webinar on changing software architecture in it industry,Webinars
Seminar on How To Build a Computer: A Beginner's Guide,Webinars
Online session on Beyond Arduino: Electronics for Developers & Makers - (GPIO),Webinars
Apple Certified Macintosh Technician (ACMT),Certifications
Webinar on Cisco Cisco Certified Technician (CCT) Routing & Switching,Certifications
BICSI ITS Technician Trainings,Trainings
Computer Hardware Course & Networking Course,Courses
Live session on 3D Printing Hardware By University Of Illionis,Webinars
Expert lecture on Embedded Software and Hardware Architecture By University of Colorado,Talks
Workshop on Hardware Description Languages for FPGA Design By University Of Colorado,Workshops
3 days hands on session forEmbedded Hardware and Operating Systems By EIT Digital ,Workshops
